Latitude,Longitude,Station,Departement,Region,Annee,Supercifie_Topographique
-21.181242746,55.534592607,Le Bras Sainte-Suzanne à Grand Bassin,La Réunion,La Réunion,1986-07-30,10.51
-21.190991461,55.449600104,Le Bras de Cilaos en amont du Pavillon,La Réunion,La Réunion,1976-10-12,
-21.04876763,55.238223617,La Ravine Saint-Gilles au Verrou,La Réunion,La Réunion,1988-11-18,24.61
-20.993157538,55.406762506,Le Bras Sainte-Suzanne à Mafate,La Réunion,La Réunion,1984-10-11,
-21.022057346,55.403140336,La Rivière des Galets avant sa confluence avec Bras d'Oussy,La Réunion,La Réunion,1994-06-22,
-20.908043105,55.433363618,La Rivière Saint-Denis avant le captage AEP,La Réunion,La Réunion,1978-04-06,27.29
-20.969466696,55.491394165,La Rivière des Pluies à l'aplomb du piton Tanan,La Réunion,La Réunion,1987-04-30,12.92
-20.921780492,55.602373645,La Rivière Sainte-Suzanne (amont cascade Niagara),La Réunion,La Réunion,2008-01-01,23.63
-20.975418024,55.564218718,La Riv. Ste-Suzanne avant sa confluence avec Le Bras Laurent,La Réunion,La Réunion,1986-12-22,5.55
-20.925825992,55.630194507,La Grande Rivière Saint-Jean en amont de sa confluence avec,La Réunion,La Réunion,2003-04-17,
-20.969080321,55.605831967,Le Grand Bras de la Grande Rivière Saint-Jean,La Réunion,La Réunion,1977-10-06,1.98
-20.978291544,55.640544822,La Rivière du Mât à Bengalis,La Réunion,La Réunion,1978-03-03,144.5
-21.025984722,55.61149544,Le Bras des Lianes en amont du captage AEP,La Réunion,La Réunion,1976-03-24,7.24
-20.998919897,55.579513073,La Rivière du Mât à l'Escalier,La Réunion,La Réunion,1985-12-17,92.57
-21.055493139,55.501010366,La rivière du Mât à l'Ilet à Vidot,La Réunion,La Réunion,1980-09-16,
-20.996784417,55.663069134,Le Bras Panon (aval radier Paniandy),La Réunion,La Réunion,1997-06-03,9.25
-21.03539823,55.659930968,La Rivière des Roches à Abondance,La Réunion,La Réunion,1978-03-16,24.08
-21.041472866,55.679861904,La Rivière des Marsouins à Bethléem,La Réunion,La Réunion,1982-08-04,81.96
-21.113276435,55.566959204,La Rivière des Marsouins à La Plaine des Palmistes,La Réunion,La Réunion,1995-05-22,
-21.38101195,55.645672568,La Rivière Langevin au bassin Tamarin,La Réunion,La Réunion,1997-10-08,53.08
-21.339731227,55.644104796,La Rivière Langevin en amont de la prise EDF,La Réunion,La Réunion,1983-10-26,34.79
-21.312711579,55.641637458,La Rivière Langevin à la cascade Grand Galet,La Réunion,La Réunion,1995-05-17,
45.78876059,6.231161742,EAU MORTE A DOUSSARD 2,Haute-Savoie,Auvergne-Rhône-Alpes,2003-05-23,
44.736818251,5.893071724,SOULOISE A ST-DISDIER-EN-DEVOLUY ,Hautes-Alpes,Provence-Alpes-Côte d'Azur,2003-01-10,
45.413072092,4.536640904,GIER A LA-VALLA-EN-GIER ,Loire,Auvergne-Rhône-Alpes,2002-05-21,
45.017756078,5.692182801,DRAC A VIF 1,Isère,Auvergne-Rhône-Alpes,2002-02-20,
45.043455599,6.303920165,ROMANCHE A LA-GRAVE ,Hautes-Alpes,Provence-Alpes-Côte d'Azur,2002-02-20,
45.442302951,5.046552429,VAREZE A COUR-ET-BUIS 1,Isère,Auvergne-Rhône-Alpes,2002-02-05,
45.706725433,5.905080913,SIERROZ A AIX-LES-BAINS 2,Savoie,Auvergne-Rhône-Alpes,2002-01-24,
46.108740722,5.261585179,PISSEUR A LA-TRANCLIERE ,Ain,Auvergne-Rhône-Alpes,2005-09-08,
44.235914943,5.859982456,BUECH A RIBIERS 2,Hautes-Alpes,Provence-Alpes-Côte d'Azur,2006-10-09,
44.022555842,4.844246337,BRAS DES ARMENIERS A SORGUES ,Vaucluse,Provence-Alpes-Côte d'Azur,2004-03-08,
44.209184497,5.278689083,TOULOURENC A ST-LEGER-DU-VENTOUX ,Vaucluse,Provence-Alpes-Côte d'Azur,2005-11-23,
43.966732365,6.758524455,COULOMP A ST-BENOIT 2,Alpes-de-Haute-Provence,Provence-Alpes-Côte d'Azur,2002-05-21,
43.891125334,7.308752915,PAILLON DE CONTES A COARAZE 1,Alpes-Maritimes,Provence-Alpes-Côte d'Azur,1999-03-11,
43.688497527,7.070682061,LOUP A TOURRETTE-SUR-LOUP 6,Alpes-Maritimes,Provence-Alpes-Côte d'Azur,1999-06-02,
43.965109188,7.415355449,BEVERA A MOULINET 1,Alpes-Maritimes,Provence-Alpes-Côte d'Azur,1900-01-01,
44.448588626,4.308786959,BAUME A ST-ALBAN-AURIOLLES 2,Ardèche,Auvergne-Rhône-Alpes,2005-11-23,
46.284088911,6.735231805,DRANSE A ABONDANCE 5,Haute-Savoie,Auvergne-Rhône-Alpes,2006-11-22,
44.815563374,5.681405931,EBRON A PREBOIS 3,Isère,Auvergne-Rhône-Alpes,2000-05-30,
45.618999851,5.610525443,BIEVRE A LES-AVENIERES 1,Isère,Auvergne-Rhône-Alpes,2000-05-30,
45.659943633,5.531073921,HUERT A LES-AVENIERES 2,Isère,Auvergne-Rhône-Alpes,2000-05-30,
44.733208864,4.964821578,DROME A CHABRILLAN ,Drôme,Auvergne-Rhône-Alpes,1999-12-20,
45.00108707,5.435033701,VERNAISSON A ST-MARTIN-EN-VERCORS 2,Drôme,Auvergne-Rhône-Alpes,1999-12-21,
45.179974547,4.848086652,GALAURE A ST-BARTHELEMY-DE-VALS ,Drôme,Auvergne-Rhône-Alpes,1999-12-20,
44.161653884,5.945378328,JABRON A SISTERON 2,Alpes-de-Haute-Provence,Provence-Alpes-Côte d'Azur,2006-11-20,
47.035872159,5.53997004,CLAUGE A LA-LOYE 1,Jura,Bourgogne-Franche-Comté,2000-03-17,
47.341247743,6.381962945,CUSANCIN A BAUME-LES-DAMES 1,Doubs,Bourgogne-Franche-Comté,1900-01-01,
47.621465436,6.955017527,AUTRUCHE A FONTENELLE ,Territoire de Belfort,Bourgogne-Franche-Comté,2000-03-17,
47.692849743,5.456223203,RESAIGNE A COUBLANC ,Haute-Marne,Grand Est,2006-10-27,
47.943245658,6.42192362,AUGRONNE A PLOMBIERES-LES-BAINS ,Vosges,Grand Est,1900-01-01,
43.608159904,4.003845405,SALAISON A MAUGUIO 2,Hérault,Occitanie,2006-11-24,
42.896884522,9.42046818,LURI A LURI ,Haute-Corse,Corse,2006-12-12,
43.478608807,6.266313613,ARGENS A LE-THORONET 4,Var,Provence-Alpes-Côte d'Azur,2006-11-20,
43.244522714,6.000062518,GAPEAU A BELGENTIER 1,Var,Provence-Alpes-Côte d'Azur,1999-06-15,
45.937285541,5.531797915,ALBARINE A CHALEY 1,Ain,Auvergne-Rhône-Alpes,1999-06-14,
42.379585653,8.753740571,FANGO A MANSO,Haute-Corse,Corse,1900-01-01,
42.60414453,8.999136314,SAN CLEMENTE A OCCHIATANA ,Haute-Corse,Corse,2002-01-29,
41.981380442,9.391794759,ABATESCO A SERRA-DI-FIUMORBO ,Haute-Corse,Corse,1900-01-01,
42.274812057,8.853207667,RU D'AITONE A EVISA ,Corse-du-Sud,Corse,2006-11-20,
41.788463397,8.921196648,TARAVO A CASALABRIVA ,Corse-du-Sud,Corse,1900-01-01,
41.812911064,8.961749042,TARAVO A URBALACONE ,Corse-du-Sud,Corse,1900-01-01,
41.845834423,9.033658289,TARAVO A FORCIOLO ,Corse-du-Sud,Corse,1900-01-01,
41.886161818,9.090058172,TARAVO A CORRANO ,Corse-du-Sud,Corse,1900-01-01,
41.912503017,8.825599916,PRUNELLI A BASTELICACCIA ,Corse-du-Sud,Corse,1900-01-01,
42.092623654,9.102891577,GRAVONE A BOCOGNANO 1,Corse-du-Sud,Corse,1900-01-01,
42.111532261,8.930237794,CRUZINI A AZZANA ,Corse-du-Sud,Corse,1900-01-01,
42.169296979,8.819358196,LIAMONE A MURZO ,Corse-du-Sud,Corse,1900-01-01,
42.102881706,9.244364796,FIUMORBO A GHISONI ,Haute-Corse,Corse,1900-01-01,
42.177656717,9.406004436,TAVIGNANO A ANTISANTI 1,Haute-Corse,Corse,2011-11-02,
42.221649319,9.265821245,TAVIGNANO A ALTIANI ,Haute-Corse,Corse,1900-01-01,
42.257576708,9.071869203,RESTONICA A CORTE 1,Haute-Corse,Corse,1900-01-01,
42.319265466,8.976418354,GOLO A ALBERTACCE ,Haute-Corse,Corse,1998-07-07,
42.434063398,9.222565981,CASALUNA A GAVIGNANO ,Haute-Corse,Corse,1900-01-01,
42.513166321,9.147776728,TARTAGINE A CASTIFAO ,Haute-Corse,Corse,1900-01-01,
43.846849076,7.146495259,ESTERON A GILETTE - LA CLAVE ,Alpes-Maritimes,Provence-Alpes-Côte d'Azur,2006-11-22,
43.621477691,7.100958237,BRAGUE A BIOT 3,Alpes-Maritimes,Provence-Alpes-Côte d'Azur,1999-03-04,
43.593256749,6.930050738,MOURACHONNE A PEGOMAS 1,Alpes-Maritimes,Provence-Alpes-Côte d'Azur,1900-01-01,
43.341500525,6.129410605,ISSOLE A STE-ANASTASIE-SUR-ISSOLE ,Var,Provence-Alpes-Côte d'Azur,2006-11-22,
43.436957912,6.170140142,CARAMY A VINS-SUR-CARAMY ,Var,Provence-Alpes-Côte d'Azur,1900-01-01,
43.511135024,6.017019307,EAU SALEE A CHATEAUVERT ,Var,Provence-Alpes-Côte d'Azur,1900-01-01,
43.510934032,6.011293444,ARGENS A CHATEAUVERT 2,Var,Provence-Alpes-Côte d'Azur,1999-08-19,
43.504846268,5.132242834,ARC A BERRE-L'ETANG ,Bouches-du-Rhône,Provence-Alpes-Côte d'Azur,1900-01-01,
43.505728895,5.347920012,ARC A AIX-EN-PROVENCE 1,Bouches-du-Rhône,Provence-Alpes-Côte d'Azur,1900-01-01,
43.479167907,5.422741517,RUISSEAU DE LUYNES A AIX-EN-PROVENCE ,Bouches-du-Rhône,Provence-Alpes-Côte d'Azur,1900-01-01,
43.639126355,4.190816711,VIDOURLE A ST-LAURENT-D'AIGOUZE ,Hérault,Occitanie,1900-01-01,
43.570521935,3.897772699,LEZ A LATTES 2,Hérault,Occitanie,1900-01-01,
43.560448998,2.912019551,JAUR A OLARGUES 2,Hérault,Occitanie,2006-11-22,
43.594453494,3.122163642,MARE A HEREPIAN ,Hérault,Occitanie,1900-01-01,
43.723006875,3.130887454,ORB A LE-BOUSQUET-D'ORB 1,Hérault,Occitanie,1900-01-01,
43.38405324,3.446648719,HERAULT A FLORENSAC,Hérault,Occitanie,1900-01-01,
43.814147113,3.601787428,BUEGES A PEGAIROLLES-DE-BUEGES ,Hérault,Occitanie,2005-11-23,
43.823198274,3.798373003,LAMALOU A LE-ROUET ,Hérault,Occitanie,2005-11-23,
43.897967612,3.490172551,VIS A BLANDAS ,Gard,Occitanie,2005-11-23,
44.087323861,3.604576261,HERAULT A VALLERAUGUE 2,Gard,Occitanie,2005-11-03,
43.247300168,3.111043313,AUDE A SALLES-D'AUDE ,Aude,Occitanie,1900-01-01,
43.004459142,2.521181,ORBIEU A VIGNEVIEILLE ,Aude,Occitanie,2005-11-23,
43.384096826,2.395539088,RIEUTORD A LABASTIDE-ESPARBAIRENQUE ,Aude,Occitanie,2005-11-23,
43.437376607,2.305702561,ORBIEL A LES-MARTYS ,Aude,Occitanie,2005-09-08,
43.895300305,4.006691246,VIDOURLE A LIOUC ,Gard,Occitanie,2002-05-21,
43.447050373,2.91200774,ILOUVRE A BABEAU-BOULDOUX ,Hérault,Occitanie,2005-11-23,
43.213343327,2.42143105,AUDE A TREBES ,Aude,Occitanie,1900-01-01,
43.255452529,2.179879315,LAMPY A ALZONNE ,Aude,Occitanie,2000-11-08,
42.8165583,2.200728027,REBENTY A CAILLA ,Aude,Occitanie,2004-10-15,
42.634951414,2.056011406,GALBE A FRONTRABIOUSE ,Pyrénées-Orientales,Occitanie,2007-02-26,
42.552065832,2.068295342,AUDE A LES-ANGLES 2,Pyrénées-Orientales,Occitanie,2005-11-23,
42.763966316,2.987101297,AGLY A ST-LAURENT-DE-LA-SALANQUE ,Pyrénées-Orientales,Occitanie,1900-01-01,
42.79818445,2.720334572,VERDOUBLE A TAUTAVEL 2,Pyrénées-Orientales,Occitanie,2006-11-22,
42.757480764,2.516367839,DESIX A ANSIGNAN 2,Pyrénées-Orientales,Occitanie,2006-11-22,
42.727605898,2.303335051,BOULZANE A MONTFORT-SUR-BOULZANE ,Aude,Occitanie,2005-11-23,
42.861259251,2.43718566,AGLY A CAMPS-SUR-L'AGLY ,Aude,Occitanie,2005-11-23,
42.644164764,2.483659289,TET A EUS ,Pyrénées-Orientales,Occitanie,1900-01-01,
42.585624693,2.985401004,TECH A ELNE ,Pyrénées-Orientales,Occitanie,1900-01-01,
42.494656733,2.718410153,TECH A REYNES 1,Pyrénées-Orientales,Occitanie,1900-01-01,
42.469252298,2.607180759,RIU FERRER A ARLES-SUR-TECH ,Pyrénées-Orientales,Occitanie,2006-11-20,
43.888283266,4.916184633,DURANCE A CAUMONT-SUR-DURANCE ,Vaucluse,Provence-Alpes-Côte d'Azur,1900-01-01,
43.858166653,5.161656829,COULON A OPPEDE ,Vaucluse,Provence-Alpes-Côte d'Azur,2006-11-22,
43.640899453,5.618047763,REAL DE JOUQUES A JOUQUES ,Bouches-du-Rhône,Provence-Alpes-Côte d'Azur,1999-12-21,
43.771790986,5.953797693,COLOSTRE A ST-MARTIN-DE-BROMES 1,Alpes-de-Haute-Provence,Provence-Alpes-Côte d'Azur,1999-12-21,
43.805437219,6.441099512,VERDON A CASTELLANE 2,Alpes-de-Haute-Provence,Provence-Alpes-Côte d'Azur,1900-01-01,
44.173895703,6.617793221,VERDON A COLMARS ,Alpes-de-Haute-Provence,Provence-Alpes-Côte d'Azur,2006-11-22,
44.00985948,6.259866446,ASSE A BEYNES 1,Alpes-de-Haute-Provence,Provence-Alpes-Côte d'Azur,1900-01-01,
44.035342985,5.964437451,DURANCE A LES-MEES ,Alpes-de-Haute-Provence,Provence-Alpes-Côte d'Azur,1900-01-01,
44.26626541,6.275183589,BES A BARLES 1,Alpes-de-Haute-Provence,Provence-Alpes-Côte d'Azur,2005-11-23,
44.270267625,5.809730806,MEOUGE A ANTONAVES 1,Hautes-Alpes,Provence-Alpes-Côte d'Azur,1998-03-31,
44.442832213,5.713659263,BUECH A SERRES 1,Hautes-Alpes,Provence-Alpes-Côte d'Azur,2006-10-09,
44.89745369,5.925060014,BONNE A VALBONNAIS ,Isère,Auvergne-Rhône-Alpes,2006-11-22,
44.459976691,6.197532319,DURANCE A ROCHEBRUNE ,Hautes-Alpes,Provence-Alpes-Côte d'Azur,1900-01-01,
44.614893658,6.334245081,REALLON A REALLON ,Hautes-Alpes,Provence-Alpes-Côte d'Azur,1999-12-21,
44.521137184,6.764453519,UBAYE A ST-PAUL-SUR-UBAYE ,Alpes-de-Haute-Provence,Provence-Alpes-Côte d'Azur,1999-11-29,
44.556534373,6.502065598,DURANCE A EMBRUN 1,Hautes-Alpes,Provence-Alpes-Côte d'Azur,1900-01-01,
44.657879143,6.631600261,CHAGNE A GUILLESTRE 2,Hautes-Alpes,Provence-Alpes-Côte d'Azur,2006-11-22,
44.681831668,6.697760136,GUIL A EYGLIERS ,Hautes-Alpes,Provence-Alpes-Côte d'Azur,2006-10-17,
44.861677811,6.595721002,DURANCE A ST-MARTIN-DE-QUEYRIERES ,Hautes-Alpes,Provence-Alpes-Côte d'Azur,1900-01-01,
42.507420882,9.322622486,GOLO A CAMPILE,Haute-Corse,Corse,2011-11-02,
44.940130671,6.68278536,CLAREE A VAL-DES-PRES 1,Hautes-Alpes,Provence-Alpes-Côte d'Azur,1900-01-01,
45.018603317,4.936715528,ISERE A CHATEAUNEUF-SUR-ISERE 2,Drôme,Auvergne-Rhône-Alpes,1900-01-01,
45.050144247,5.03421903,SAVASSE A ROMANS-SUR-ISERE 2,Drôme,Auvergne-Rhône-Alpes,2006-11-22,
45.065226106,5.392573755,BOURNE A CHORANCHE 1,Isère,Auvergne-Rhône-Alpes,2001-05-23,
45.192046394,5.701596744,DRAC A FONTAINE 1,Isère,Auvergne-Rhône-Alpes,1900-01-01,
45.083242609,5.746470227,ROMANCHE A JARRIE 1,Isère,Auvergne-Rhône-Alpes,1900-01-01,
44.967546507,6.154849416,VENEON A ST-CHRISTOPHE-EN-OISANS 1,Isère,Auvergne-Rhône-Alpes,2005-11-23,
44.735359371,6.004022951,DRAC A CHAUFFAYER ,Hautes-Alpes,Provence-Alpes-Côte d'Azur,1900-01-01,
44.724880517,6.255194468,DRAC BLANC A CHAMPOLEON ,Hautes-Alpes,Provence-Alpes-Côte d'Azur,2000-01-17,
45.233655913,5.977904915,RUISSEAU DE CROP A LAVAL ,Isère,Auvergne-Rhône-Alpes,2006-11-22,
45.389977772,6.079787852,BREDA A ALLEVARD 1,Isère,Auvergne-Rhône-Alpes,2006-11-22,
43.931763437,4.562848482,GARD A REMOULINS ,Gard,Occitanie,1900-01-01,
43.982758758,4.441477858,ALZON A ST-MAXIMIN ,Gard,Occitanie,1900-01-01,
44.075090221,3.962214677,GARDON DE ST JEAN A THOIRAS ,Gard,Occitanie,2006-11-22,
44.175449611,3.75054294,GARDON DE STE CROIX A STE-CROIX-VALLEE-FRANCAISE ,Lozère,Occitanie,2006-11-22,
44.094547021,4.099380242,GARDON D'ALES A ST-HILAIRE-DE-BRETHMAS 1,Gard,Occitanie,1900-01-01,
44.157059758,4.024280766,GALEIZON A CENDRAS 2,Gard,Occitanie,2005-11-23,
43.919502279,5.131410872,SORGUE DES CAPUCINS A FONTAINE-DE-VAUCLUSE ,Vaucluse,Provence-Alpes-Côte d'Azur,1900-01-01,
44.013344241,4.871403963,OUVEZE A SORGUES 1,Vaucluse,Provence-Alpes-Côte d'Azur,1900-01-01,
44.071809603,4.768910675,RHONE A ROQUEMAURE ,Vaucluse,Provence-Alpes-Côte d'Azur,2002-12-16,
44.178960722,4.262636285,SEGUISSOUS A BOUQUET ,Gard,Occitanie,2007-02-26,
44.324030487,3.960898173,LUECH A GENOLHAC ,Gard,Occitanie,2005-11-23,
44.330667386,3.878801414,RIEUTORT A VIALAS ,Lozère,Occitanie,2005-11-23,
44.423176548,4.983934899,LEZ A TAULIGNAN - LA CAILLONNE ,Drôme,Auvergne-Rhône-Alpes,2000-05-30,
44.473938038,5.454525745,ESTABLET A LA-CHARCE ,Drôme,Auvergne-Rhône-Alpes,2005-11-23,
44.283740319,4.597914602,ARDECHE A ST-JULIEN-DE-PEYROLAS ,Gard,Occitanie,1900-01-01,
44.386212738,4.40823524,ARDECHE A VALLON-PONT-D'ARC 2,Ardèche,Auvergne-Rhône-Alpes,1900-01-01,
44.459357957,4.446287084,IBIE A LAGORCE 1,Ardèche,Auvergne-Rhône-Alpes,2006-11-20,
44.551302841,4.409444644,ARDECHE A VOGUE 1,Ardèche,Auvergne-Rhône-Alpes,1900-01-01,
44.671822715,4.363348593,VOLANE A VALS-LES-BAINS 3,Ardèche,Auvergne-Rhône-Alpes,2006-11-22,
44.629617924,4.160021227,LIGNON A LA-SOUCHE ,Ardèche,Auvergne-Rhône-Alpes,2005-11-03,
44.368338568,4.648964165,RHONE A PIERRELATTE ,Drôme,Auvergne-Rhône-Alpes,2006-11-22,
44.413984987,4.767548138,BERRE A VALAURIE 1,Drôme,Auvergne-Rhône-Alpes,2000-05-30,
43.743847946,6.501751776,JABRON A COMPS-SUR-ARTUBY ,Var,Provence-Alpes-Côte d'Azur,2006-11-22,
44.769257826,4.82533716,DROME A LIVRON-SUR-DROME ,Drôme,Auvergne-Rhône-Alpes,1900-01-01,
44.671056587,5.271273165,ROANNE A ST-BENOIT-EN-DIOIS ,Drôme,Auvergne-Rhône-Alpes,2005-11-23,
44.86211685,4.360853339,DORNE A DORNAS 1,Ardèche,Auvergne-Rhône-Alpes,2015-06-05,
45.059451317,4.778269592,DOUX A SAINT-JEAN-DE-MUZOLS 1,Ardèche,Auvergne-Rhône-Alpes,2006-11-22,
45.184021229,4.811656415,RHONE A ST-VALLIER ,Drôme,Auvergne-Rhône-Alpes,1900-01-01,
45.318427055,4.76719711,RHONE A SERRIERES ,Isère,Auvergne-Rhône-Alpes,1900-01-01,
45.816529925,5.212405908,AIN A ST-MAURICE-DE-GOURDANS ,Ain,Auvergne-Rhône-Alpes,1900-01-01,
45.920718107,5.228193629,TOISON A VILLIEU-LOYES-MOLLON 1,Ain,Auvergne-Rhône-Alpes,1999-08-09,
46.089967855,5.403083502,AIN A PONCIN 1,Ain,Auvergne-Rhône-Alpes,1998-02-20,
46.172640778,5.5547764,ANGE A BRION ,Ain,Auvergne-Rhône-Alpes,1900-01-01,
46.366867216,5.711239672,BIENNE A JEURRE 1,Jura,Bourgogne-Franche-Comté,1900-01-01,
45.715236168,5.159153101,BOURBRE A TIGNIEU-JAMEYZIEU ,Rhône,Auvergne-Rhône-Alpes,1900-01-01,
45.566355768,5.371129719,BOURBRE A CESSIEU 1,Isère,Auvergne-Rhône-Alpes,1900-01-01,
45.882673488,5.347119774,RHONE A ST-SORLIN-EN-BUGEY ,Ain,Auvergne-Rhône-Alpes,1900-01-01,
45.363588485,5.754148025,GUIERS MORT A ST-LAURENT-DU-PONT ,Isère,Auvergne-Rhône-Alpes,2005-11-23,
45.638440114,5.623039917,RHONE A BREGNIER-CORDON 3,Ain,Auvergne-Rhône-Alpes,1900-01-01,
45.708409236,5.677092267,FURANS A BELLEY 1,Ain,Auvergne-Rhône-Alpes,1900-01-01,
45.845531768,5.559003759,FURANS A LA-BURBANCHE ,Ain,Auvergne-Rhône-Alpes,2003-05-05,
45.912583561,5.669600048,SERAN A CHAMPAGNE-EN-VALROMEY ,Ain,Auvergne-Rhône-Alpes,1999-09-28,
45.642319529,6.187191492,CHERAN A JARSY 1,Savoie,Auvergne-Rhône-Alpes,1999-09-02,
45.898921858,6.05677282,FIER A POISY 1,Haute-Savoie,Auvergne-Rhône-Alpes,1900-01-01,
45.977095393,5.473256844,MANDORNE A ONCIEU ,Ain,Auvergne-Rhône-Alpes,2005-11-03,
46.39683602,6.039697443,VALSERINE A LAJOUX 3,Jura,Bourgogne-Franche-Comté,2005-09-08,
46.244224001,5.796411362,SEMINE A BELLEYDOUX ,Ain,Auvergne-Rhône-Alpes,2005-09-08,
46.144655189,5.964544726,RHONE A POUGNY ,Ain,Auvergne-Rhône-Alpes,1900-01-01,
46.149852153,6.270250738,ARVE A ARTHAZ-PONT-NOTRE-DAME 1,Haute-Savoie,Auvergne-Rhône-Alpes,1900-01-01,
45.981948219,6.628686449,ARVE A MAGLAND ,Haute-Savoie,Auvergne-Rhône-Alpes,1900-01-01,
45.796538771,4.831905651,SAONE A LYON 1,Rhône,Auvergne-Rhône-Alpes,1900-01-01,
45.837523805,4.601883606,TURDINE A L'ARBRESLE ,Rhône,Auvergne-Rhône-Alpes,1900-01-01,
45.944113681,4.728940626,SAONE A ST-BERNARD ,Ain,Auvergne-Rhône-Alpes,1900-01-01,
46.126894384,4.715862268,ARDIERES A ST-JEAN-D'ARDIERES 1,Rhône,Auvergne-Rhône-Alpes,1900-01-01,
46.188510574,4.546427802,ROCHEFORT A LES-ARDILLATS ,Rhône,Auvergne-Rhône-Alpes,2005-11-23,
46.229663773,5.071381881,IRANCE A MEZERIAT ,Ain,Auvergne-Rhône-Alpes,2000-05-30,
46.424036521,4.95847787,REYSSOUZE A PONT-DE-VAUX 1,Ain,Auvergne-Rhône-Alpes,1998-02-20,
46.628179831,5.423296016,VALLIERE A SAVIGNY-EN-REVERMONT ,Saône-et-Loire,Bourgogne-Franche-Comté,2003-10-21,
46.67409831,5.258575318,SEILLE A ST-USUGE ,Saône-et-Loire,Bourgogne-Franche-Comté,1900-01-01,
46.550218772,4.567414021,GUYE A SIGY-LE-CHATEL ,Saône-et-Loire,Bourgogne-Franche-Comté,1900-01-01,
46.943374836,5.018529049,DHEUNE A ST-MARTIN-EN-GATINOIS ,Saône-et-Loire,Bourgogne-Franche-Comté,1900-01-01,
47.037308934,6.275268734,LOUE A MOUTHIER-HAUTE-PIERRE 1,Doubs,Bourgogne-Franche-Comté,1900-01-01,
47.035516918,5.453509011,DOUBS A GEVRY 1,Jura,Bourgogne-Franche-Comté,1900-01-01,
47.521756015,6.843661603,SAVOUREUSE A VIEUX-CHARMONT ,Doubs,Bourgogne-Franche-Comté,1900-01-01,
47.451918024,6.791530819,DOUBS A MATHAY ,Doubs,Bourgogne-Franche-Comté,1900-01-01,
47.31736817,6.810875287,DESSOUBRE A ST-HIPPOLYTE 1,Doubs,Bourgogne-Franche-Comté,1900-01-01,
46.772582731,6.279948461,DOUBS A LABERGEMENT-STE-MARIE 1,Doubs,Bourgogne-Franche-Comté,1900-01-01,
47.073698608,5.165636186,SAONE A CHARREY-SUR-SAONE ,Côte-d'Or,Bourgogne-Franche-Comté,1900-01-01,
47.209888063,4.725647133,OUCHE A LA-BUSSIERE-SUR-OUCHE ,Côte-d'Or,Bourgogne-Franche-Comté,1900-01-01,
47.19451928,5.382571964,SAONE A AUXONNE 1,Côte-d'Or,Bourgogne-Franche-Comté,1900-01-01,
47.823318208,5.74292622,AMANCE A PISSELOUP ,Haute-Marne,Grand Est,1998-04-03,
47.828959553,5.630388482,AMANCE A MAIZIERES-SUR-AMANCE ,Haute-Marne,Grand Est,1998-04-03,
47.840260837,5.917378095,SAONE A CENDRECOURT ,Haute-Saône,Bourgogne-Franche-Comté,1900-01-01,
48.090273328,6.101940891,SAONE A BELRUPT ,Vosges,Grand Est,1900-01-01,
47.935362274,5.863978965,APANCE A ENFONVELLE ,Haute-Marne,Grand Est,1998-04-03,
43.054009315,0.157561873,L'Adour en amont de Bagnères-de-Bigorre,Hautes-Pyrénées,Occitanie,2003-01-01,
43.077534888,0.01262303,L'Echez en amont des Angles,Hautes-Pyrénées,Occitanie,2005-01-01,
43.468186756,0.031170022,L'Echez à Maubourguet,Hautes-Pyrénées,Occitanie,1973-01-01,
43.159344434,0.249087069,L'Arros à Ozon,Hautes-Pyrénées,Occitanie,2007-01-01,
43.641074692,0.021904637,L'Arros à Tasque,Gers,Occitanie,1971-01-01,
43.653933617,-0.151175677,L'Adour à St-Mont,Gers,Occitanie,1971-01-01,
43.309226292,-0.170758066,Le Gabas à Arrien,Pyrénées-Atlantiques,Nouvelle-Aquitaine,2000-01-01,
43.745851462,-0.626523746,Le Gabas au niveau de Montaut,Landes,Nouvelle-Aquitaine,1971-01-01,
43.789256614,-0.837279293,L'Adour à Onard,Landes,Nouvelle-Aquitaine,1971-01-01,
44.034549482,-0.324223499,L'Estampon à Roquefort,Landes,Nouvelle-Aquitaine,1971-01-01,
43.73377237,-0.999545871,L'Adour à St-Vincent de Paul,Landes,Nouvelle-Aquitaine,1971-01-01,
43.615427633,-0.714281292,Le Luy de France à Amou,Landes,Nouvelle-Aquitaine,1992-01-01,
42.729686655,-0.007806789,Le Gave de Pau en amont de Gavarnie,Hautes-Pyrénées,Occitanie,2005-01-01,
42.995650178,-0.079292776,Le Gave de Pau à Préchac,Hautes-Pyrénées,Occitanie,1971-01-01,
43.394554808,-0.943937469,Le Gave d'Oloron à Sauveterre,Pyrénées-Atlantiques,Nouvelle-Aquitaine,1971-01-01,
43.282793615,-0.873775611,Le Saison à Espes-Undurein,Pyrénées-Atlantiques,Nouvelle-Aquitaine,2000-01-01,
43.337013899,-1.026563252,La Bidouze en aval de Saint-Palais,Pyrénées-Atlantiques,Nouvelle-Aquitaine,2007-01-01,
43.169714795,-1.248127578,La Nive d'Arnéguy à Uhart Cize,Pyrénées-Atlantiques,Nouvelle-Aquitaine,2002-01-01,
44.055597011,-1.042439953,L'Onesse en amont du R. d'Hossegor,Landes,Nouvelle-Aquitaine,2007-01-01,
44.230410585,-1.180278381,L'Escource en aval de Saint Paul en Born,Landes,Nouvelle-Aquitaine,1992-01-01,
44.375055861,-0.673633862,La Petite Leyre à Belhade,Landes,Nouvelle-Aquitaine,1992-01-01,
44.470602113,-0.792652266,La Leyre à Belin Beliet,Gironde,Nouvelle-Aquitaine,2005-01-01,
45.05601157,-0.745113091,La Jalle de Castelnau à Moulis en Médoc,Gironde,Nouvelle-Aquitaine,2004-01-01,
42.849282942,0.735863431,La Garonne au Pont du Roi,Haute-Garonne,Occitanie,1971-01-01,
42.852679219,0.602333509,La Pique à Cier de Luchon,Haute-Garonne,Occitanie,1993-01-01,
43.097693069,0.706309886,La Garonne à Valentine,Haute-Garonne,Occitanie,1972-01-01,
42.917018719,0.804923152,Le Ger à Boutx,Haute-Garonne,Occitanie,2007-01-01,
43.094456213,0.841394789,La Garonne à Labarthe Inard,Haute-Garonne,Occitanie,1971-01-01,
42.897536664,1.31495054,L'Arac à Biert,Ariège,Occitanie,2007-01-01,
42.956800285,1.197705399,Le Nert en aval de Rivèrenert,Ariège,Occitanie,2007-01-01,
43.17017534,1.11771413,Le Volp au Plan,Haute-Garonne,Occitanie,2007-01-01,
43.084018782,1.373930444,L'Arize au Mas d'Azil,Ariège,Occitanie,2007-01-01,
43.104881447,1.247176815,Le Montbrun en amont de Montbrun Bocage,Haute-Garonne,Occitanie,2005-01-01,
43.303074173,1.133384155,La Louge à l'aval du Fousseret,Haute-Garonne,Occitanie,1972-01-01,
43.512148118,1.387766337,La Garonne en amont de l'Ariège,Haute-Garonne,Occitanie,1971-01-01,
42.738056158,1.793430488,L'Ariège en aval d'Ax les Thermes,Ariège,Occitanie,1993-01-01,
42.9189937,1.500323854,Le Ruisseau de Roques à Brassac,Ariège,Occitanie,2007-01-01,
43.183619401,1.599169092,L'Ariège au Vernet,Ariège,Occitanie,1975-01-01,
42.894446288,1.793543669,Le Touyre à Montferrier,Ariège,Occitanie,2007-01-01,
43.040627859,1.932144706,Le Touyre en amont de l'Hers,Ariège,Occitanie,2007-01-01,
43.09806599,1.744972207,Le Grand Hers à Vals,Ariège,Occitanie,1975-01-01,
43.310764293,1.532947423,L'Ariège à Cintegabelle,Haute-Garonne,Occitanie,1975-01-01,
43.460528595,1.420603568,L'Ariège à Clermont-le-Fort,Haute-Garonne,Occitanie,2007-01-01,
43.280639713,1.352968736,La Lèze à Lézat-sur-Lèze,Ariège,Occitanie,2004-01-01,
43.546455286,1.799080259,La Vendinelle à Loubens-Lauragais,Haute-Garonne,Occitanie,2007-01-01,
43.853893154,1.242985923,La Garonne à Verdun-sur-Garonne,Tarn-et-Garonne,Occitanie,1973-01-01,
43.879196926,1.145636111,Le Lambon à St-Sardos,Tarn-et-Garonne,Occitanie,2007-01-01,
43.952915897,1.171936814,La Garonne à Bourret,Tarn-et-Garonne,Occitanie,1986-01-01,
43.972484074,1.120824999,La Gimone à Lafitte,Tarn-et-Garonne,Occitanie,1971-01-01,
44.02253852,1.079399006,La Garonne à St-Aignan,Tarn-et-Garonne,Occitanie,1971-01-01,
44.267730364,3.758628632,La Mimente à Cassagnas,Lozère,Occitanie,2005-01-01,
44.159646037,3.610921936,Le Tarnon en amont de Rousses,Lozère,Occitanie,2005-01-01,
44.226892837,3.592968577,Le Baumale en amont de Vebron,Lozère,Occitanie,2005-01-01,
44.197402451,3.475077863,La Jonte en aval de Gatuzières,Lozère,Occitanie,2005-01-01,
44.07537024,3.491413062,La Dourbie en amont de Dourbies,Gard,Occitanie,2005-01-01,
44.107257641,3.13749258,La Dourbie au niveau de Monna,Aveyron,Occitanie,1971-01-01,
44.102089631,3.086332525,Le Tarn à l'amont de Millau,Aveyron,Occitanie,1971-01-01,
44.036866054,2.964668153,Le Cernon à Saint-Rome de Cernon,Aveyron,Occitanie,2007-01-01,
44.05806847,2.902239594,Le Tarn à St-Rome du Tarn,Aveyron,Occitanie,1975-01-01,
43.9976086,2.621988744,Le Tarn à Brousse le Chateau,Aveyron,Occitanie,1971-01-01,
43.926214483,2.544500156,Le Rance à Plaisance,Tarn,Occitanie,1971-01-01,
43.796049982,1.693817666,Le Tarn en aval de Rabastens,Tarn,Occitanie,1971-01-01,
43.54026079,2.264755717,Le Thoré à Labruguière,Tarn,Occitanie,1971-01-01,
43.76627867,2.316885583,Le Dadou à Larroque,Tarn,Occitanie,1987-01-01,
43.776631492,1.688112674,L'Agout à St-Sulpice,Tarn,Occitanie,1971-01-01,
43.989029897,1.390547037,Le Tescou en aval de Saint Nauphary,Tarn-et-Garonne,Occitanie,1992-01-01,
44.366787788,2.888618524,L'Aveyron à Lugans,Aveyron,Occitanie,1971-01-01,
44.337952323,2.493253108,L'Aveyron à Druelle,Aveyron,Occitanie,1971-01-01,
44.285613077,2.001092635,L'Aveyron à Floirac,Aveyron,Occitanie,1971-01-01,
44.296333618,2.838236221,Le Viaur à Ségur,Aveyron,Occitanie,2007-01-01,
44.221783751,1.853066882,La Seye à La Rouquette,Tarn-et-Garonne,Occitanie,2002-01-01,
44.129249137,1.819439991,L'Aveyron à Féneyrols,Tarn-et-Garonne,Occitanie,1971-01-01,
43.973045934,1.791714814,La Vère en aval de Castelnau de Montmiral,Tarn,Occitanie,2006-01-01,
44.118306439,1.472825554,La Lère à Réalville,Tarn-et-Garonne,Occitanie,1975-01-01,
44.082827476,1.348030494,L'Aveyron à Loubéjac,Tarn-et-Garonne,Occitanie,1971-01-01,
44.136734896,1.203829773,Le Lemboulas à Lunel,Tarn-et-Garonne,Occitanie,1992-01-01,
44.091354789,1.102034196,Le Tarn à Moissac,Tarn-et-Garonne,Occitanie,1971-01-01,
43.977373862,0.853446689,Le Camezon au lieu dit Lamarion,Tarn-et-Garonne,Occitanie,1999-01-01,
44.169251315,0.996797487,La Barguelonne à Fourquet,Tarn-et-Garonne,Occitanie,1992-01-01,
44.123429432,0.817934051,La Garonne à Lamagistère,Tarn-et-Garonne,Occitanie,1971-01-01,
43.908690337,0.729260457,L'Auroue en amont de l'Isle-Bouzon,Gers,Occitanie,2007-01-01,
44.193144779,0.916412984,La Séoune à Montjoi,Tarn-et-Garonne,Occitanie,1995-01-01,
43.283505043,0.542102913,Le Gers en aval d'Aries-Espénan,Hautes-Pyrénées,Occitanie,2007-01-01,
44.28711827,0.643023413,Le Bourbon à Laugnac,Lot-et-Garonne,Nouvelle-Aquitaine,2001-01-01,
43.298656317,0.465526088,La Petite Baïse à Puntous,Hautes-Pyrénées,Occitanie,1971-01-01,
44.017501896,0.061951179,Le Rimbez en amont du Petit Rimbez,Landes,Nouvelle-Aquitaine,2007-01-01,
43.530565537,0.335757933,L'Osse à Monclar,Gers,Occitanie,2007-01-01,
44.226918243,0.334000327,La Grande Baïse en aval de Vianne,Lot-et-Garonne,Nouvelle-Aquitaine,1997-01-01,
44.288821633,0.320431714,La Garonne en amont du Lot,Lot-et-Garonne,Nouvelle-Aquitaine,1971-01-01,
44.491426629,3.245665447,La Colagne à Marvejols (Pont de la N88 à Moriés),Lozère,Occitanie,1971-01-01,
44.530304038,2.79218471,La Boralde Flaujaguèse en amont d'Espalion,Aveyron,Occitanie,2005-01-01,
44.641562372,2.569437145,Le lot à Entraygues,Aveyron,Occitanie,1971-01-01,
44.72056007,3.525180274,La Truyère en amont de La Villedieu,Lozère,Occitanie,2007-01-01,
44.962439466,2.926558797,L'Epie au niveau d'Oradour,Cantal,Auvergne-Rhône-Alpes,2005-01-01,
44.685945081,2.837887107,La Selves à Laguiole,Aveyron,Occitanie,2007-01-01,
44.649836503,2.567267769,La Truyère à Entraygues,Aveyron,Occitanie,1971-01-01,
44.631971781,2.355843884,Le Dourdou à Grand Vabre,Aveyron,Occitanie,1971-01-01,
44.585519887,2.229703705,Le Lot à Livinhac,Aveyron,Occitanie,1971-01-01,
44.519284356,1.95854299,Le Lot à St-Pierre Toirac,Aveyron,Occitanie,1974-01-01,
44.507662154,1.657723635,Le Célé à Cabrerets (Pont de Cabrerets),Lot,Occitanie,1971-01-01,
44.358111686,0.381491045,Le Lot à Clairac,Lot-et-Garonne,Nouvelle-Aquitaine,1971-01-01,
44.271148252,0.189836967,L'Ourbise à Caubeyres,Lot-et-Garonne,Nouvelle-Aquitaine,2001-01-01,
44.509563595,0.081872311,La Garonne à Couthures,Lot-et-Garonne,Nouvelle-Aquitaine,1971-01-01,
44.631949799,-0.0333965,Le Dropt à Loubens,Gironde,Nouvelle-Aquitaine,1975-01-01,
44.612716936,-0.087000255,Le Vignague à Morizès,Gironde,Nouvelle-Aquitaine,2004-01-01,
45.474512781,2.744828768,La Tarentaine au niveau de Picherande,Puy-de-Dôme,Auvergne-Rhône-Alpes,2005-01-01,
45.692319386,2.164193238,La Diège au Moulin de Beaune,Corrèze,Nouvelle-Aquitaine,2001-01-01,
45.185112129,2.569765818,Le Mars au Vaulmier,Cantal,Auvergne-Rhône-Alpes,2007-01-01,
45.053050395,1.989489783,Le Ruisseau du Peyret,Corrèze,Nouvelle-Aquitaine,2007-01-01,
44.965399623,2.615220376,La Cère à Comblat le Pont,Cantal,Auvergne-Rhône-Alpes,1971-01-01,
44.88214324,2.350414975,La Cère à Sansac,Cantal,Auvergne-Rhône-Alpes,1971-01-01,
44.83777212,2.011192551,Le Tolerme en amont du Moulin de Bray,Lot,Occitanie,2006-01-01,
44.915655835,1.743605132,La Dordogne à Carennac,Lot,Occitanie,1975-01-01,
44.805941762,1.204160284,La Dordogne à Cenac,Dordogne,Nouvelle-Aquitaine,1971-01-01,
45.61187546,1.95620189,La Vézère à Orlianges,Corrèze,Nouvelle-Aquitaine,1997-01-01,
45.561545331,1.675177497,Le Bradascou à Meilhards,Corrèze,Nouvelle-Aquitaine,2005-01-01,
45.538758422,1.90038464,La Corrèze de Pradines à Gourdon Murat,Corrèze,Nouvelle-Aquitaine,2005-01-01,
45.4687812,1.946897981,La Corrèze à St-Yrieix-le-Déjalat,Corrèze,Nouvelle-Aquitaine,2005-01-01,
45.137660364,1.26858846,L'Elle à Lavilledieu,Dordogne,Nouvelle-Aquitaine,2007-01-01,
45.109914706,1.123462254,La Laurence en amont d'Auriac-du-Périgord,Dordogne,Nouvelle-Aquitaine,2007-01-01,
45.020287178,1.117335675,La Vézère à Thonac,Dordogne,Nouvelle-Aquitaine,1971-01-01,
45.036211428,1.105710988,Le Thonac à La Gibordie,Dordogne,Nouvelle-Aquitaine,2007-01-01,
44.804103805,0.730485156,La Couze à Bayac,Dordogne,Nouvelle-Aquitaine,1971-01-01,
44.89919232,0.600679737,Le Caudeau au Pont de Monsac,Dordogne,Nouvelle-Aquitaine,2007-01-01,
44.839642336,0.332017762,La Dordogne en aval de Bergerac (Pont de la D4),Dordogne,Nouvelle-Aquitaine,1971-01-01,
45.029723524,0.246817807,L'Isle à Bénevent,Dordogne,Nouvelle-Aquitaine,1971-01-01,
45.47141379,0.722421231,La Dronne à St-Front La Rivière,Dordogne,Nouvelle-Aquitaine,1971-01-01,
45.334452331,0.616879957,La Dronne à Valeuil,Dordogne,Nouvelle-Aquitaine,1975-01-01,
44.866575207,-0.337426687,Le Gestas à St Germain du Puch,Gironde,Nouvelle-Aquitaine,2005-01-01,
45.242388177,-0.578544911,La Livenne à St Aubin de Blaye,Gironde,Nouvelle-Aquitaine,2004-01-01,
45.665485296,-0.912102425,La Seudre à Saujon (Amont immédiat de Saujon),Charente-Maritime,Nouvelle-Aquitaine,1971-01-01,
45.84730468,0.637330166,La Charente à Suris,Charente,Nouvelle-Aquitaine,2000-01-01,
45.960492483,0.25553416,L'Argent-Or à Poursac,Charente,Nouvelle-Aquitaine,2000-01-01,
45.873890309,0.207215283,La Bonnieure à Puygelier,Charente,Nouvelle-Aquitaine,2000-01-01,
45.678465734,0.153785593,La Charente à Roffit,Charente,Nouvelle-Aquitaine,1971-01-01,
45.669711338,0.160366429,La Touvre au Gond-Pontouvre,Charente,Nouvelle-Aquitaine,1975-01-01,
45.480210568,0.055176234,Le Né au Moulin de Lussaud,Charente,Nouvelle-Aquitaine,2000-01-01,
45.388740494,-0.309880913,Le Pharaon à St-Pardon,Charente-Maritime,Nouvelle-Aquitaine,1971-01-01,
45.450690136,-0.458065669,La Seugne à St-Germain de Lusignan,Charente-Maritime,Nouvelle-Aquitaine,1971-01-01,
45.594717207,-0.536477788,La Seugne au Château Renaud,Charente-Maritime,Nouvelle-Aquitaine,1993-01-01,
45.864229714,-0.644330792,Le Bramerit en aval de Grandjean (Lieu-dit Chez Ferret),Charente-Maritime,Nouvelle-Aquitaine,2005-01-01,
46.144139813,-0.217514801,La Boutonne au Pont de Brioux,Deux-Sèvres,Nouvelle-Aquitaine,1975-01-01,
45.821296585,-0.867175407,L'Arnoult en amont de Pont l'Abbé d'Arnoult,Charente-Maritime,Nouvelle-Aquitaine,2004-01-01,
48.025968339,-0.196637394,R PALAIS A JOUE-EN-CHARNIE,Sarthe,Pays de la Loire,1900-01-01,
48.394628125,0.256151743,RAU NEUFCHATEL-EN-SAOSNOIS À NEUFCHATEL-EN-SAOSNOIS,Sarthe,Pays de la Loire,1900-01-01,
46.106456393,3.014565678,R SIOULE A CHOUVIGNY,Allier,Auvergne-Rhône-Alpes,1900-01-01,
47.580344159,-2.126010758,VILAINE à RIEUX,Morbihan,Bretagne,1900-01-01,
47.621738536,-1.797583552,DON à GUEMENE-PENFAO,Loire-Atlantique,Pays de la Loire,1900-01-01,
47.722377037,-1.692437687,ARON à GRAND-FOUGERAY,Ille-et-Vilaine,Bretagne,1900-01-01,
47.718217619,-1.412669737,CHERE à CHATEAUBRIANT,Loire-Atlantique,Pays de la Loire,1900-01-01,
47.898699989,-1.714115533,SEMNON à PLECHATEL,Ille-et-Vilaine,Bretagne,1900-01-01,
48.002674358,-1.773984776,VILAINE à GUICHEN,Ille-et-Vilaine,Bretagne,1900-01-01,
48.180841054,-1.779933408,FLUME à PACE,Ille-et-Vilaine,Bretagne,1900-01-01,
48.24980473,-1.485750605,ILLET à ERCE-PRES-LIFFRE,Ille-et-Vilaine,Bretagne,1900-01-01,
48.122928829,-1.562663068,VILAINE à CESSON-SEVIGNE,Ille-et-Vilaine,Bretagne,1900-01-01,
47.829096444,-2.073843257,AFF à QUELNEUC,Morbihan,Bretagne,1900-01-01,
47.981429822,-2.15837066,AFF à PAIMPONT,Ille-et-Vilaine,Bretagne,1900-01-01,
47.781943224,-2.398953054,CLAIE à PLEUCADEUC,Morbihan,Bretagne,1900-01-01,
47.919052744,-2.548761348,SEDON à GUEGON,Morbihan,Bretagne,1900-01-01,
47.994600132,-2.368830476,YVEL à LOYAT,Morbihan,Bretagne,1900-01-01,
47.98432352,-2.640424183,OUST à PLEUGRIFFET,Morbihan,Bretagne,1900-01-01,
47.845715752,-3.21382832,BLAVET à LANGUIDIC,Morbihan,Bretagne,1900-01-01,
47.900904096,-2.97459943,EVEL à GUENIN,Morbihan,Bretagne,1900-01-01,
48.007969392,-3.12891543,SARRE à MELRAND,Morbihan,Bretagne,1900-01-01,
47.905523176,-3.419371121,SCORFF à ARZANO,Finistère,Bretagne,1900-01-01,
47.904236321,-3.469039484,ELLE à ARZANO,Finistère,Bretagne,1900-01-01,
48.01443018,-3.473365051,ELLE à FAOUET (LE),Morbihan,Bretagne,1900-01-01,
47.92812716,-3.617907793,ISOLE à SAINT-THURIEN,Finistère,Bretagne,1900-01-01,
48.001662568,-3.894449126,JET à ELLIANT,Finistère,Bretagne,1900-01-01,
47.908587851,-4.242126216,RAU DE PONT L'ABBE À PLONEOUR-LANVERN,Finistère,Bretagne,1900-01-01,
48.29398627,-3.949421518,RAU DE KERAMBELLEC à BRASPARTS,Finistère,Bretagne,1900-01-01,
48.354181794,-3.872261349,ELLEZ À BRENNILIS,Finistère,Bretagne,1900-01-01,
48.340217197,-3.680214889,AULNE à LOCMARIA-BERRIEN,Finistère,Bretagne,1900-01-01,
48.386830998,-4.214745563,MIGNONNE à IRVILLAC,Finistère,Bretagne,1900-01-01,
48.469346252,-4.215671717,ELORN à PLOUEDERN,Finistère,Bretagne,1900-01-01,
48.647197572,-3.57786616,YAR à TREDUDER,Côtes-d'Armor,Bretagne,1900-01-01,
48.69510205,-3.422979224,LEGUER à PLOUBEZRE,Côtes-d'Armor,Bretagne,1900-01-01,
48.783522348,-3.253865215,GUINDY à PLOUGUIEL,Côtes-d'Armor,Bretagne,1900-01-01,
48.44175213,-3.095334004,TRIEUX à PLESIDY,Côtes-d'Armor,Bretagne,1900-01-01,
48.484665317,-2.568460959,GOUESSANT à COETMIEUX,Côtes-d'Armor,Bretagne,1900-01-01,
48.364760109,-2.249287372,ROSETTE à MEGRIT,Côtes-d'Armor,Bretagne,1900-01-01,
48.252007539,-2.333040437,RANCE à EREAC,Côtes-d'Armor,Bretagne,1900-01-01,
48.519484732,-1.5850451,RAU DE LA CHENELAIS à PLEINE-FOUGERES,Ille-et-Vilaine,Bretagne,1900-01-01,
48.427947305,-1.43589654,LOISANCE À SAINT-OUEN-LA-ROUERIE,Ille-et-Vilaine,Bretagne,1900-01-01,
48.369096241,-1.502999748,COUESNON à ROMAZY,Ille-et-Vilaine,Bretagne,1900-01-01,
46.34773251,-0.090319894,SEVRE NIORTAISE à EXOUDUN,Deux-Sèvres,Nouvelle-Aquitaine,1900-01-01,
46.689748696,-1.116133163,PETIT LAY à SAINT-HILAIRE-LE-VOUHIS,Vendée,Pays de la Loire,1900-01-01,
46.750269934,-0.951592433,GRAND LAY à SAINT-PROUANT,Vendée,Pays de la Loire,1900-01-01,
46.579204343,-1.72091667,CIBOULE à SAINT-MATHURIN,Vendée,Pays de la Loire,1900-01-01,
47.292916859,-1.567894153,RAU DE GESVRES à CHAPELLE-SUR-ERDRE (LA),Loire-Atlantique,Pays de la Loire,1900-01-01,
46.923476057,-0.873622015,SEVRE NANTAISE à SAINT-MALO-DU-BOIS,Vendée,Pays de la Loire,1900-01-01,
47.392726473,-0.860735871,LOIRE à MONTJEAN-SUR-LOIRE,Maine-et-Loire,Pays de la Loire,1900-01-01,
47.078518745,-0.447067531,LAYON À CLERE-SUR-LAYON,Maine-et-Loire,Pays de la Loire,1900-01-01,
47.421297712,-0.607049815,MAINE à BOUCHEMAINE,Maine-et-Loire,Pays de la Loire,1900-01-01,
47.934602125,-0.927848906,OUDON à COSSE-LE-VIVIEN,Mayenne,Pays de la Loire,1900-01-01,
47.868932814,-0.697235067,MAYENNE à LOIGNE-SUR-MAYENNE,Mayenne,Pays de la Loire,1900-01-01,
48.328646372,-0.948224514,ERNEE à LARCHAMP,Mayenne,Pays de la Loire,1900-01-01,
48.269619367,-0.619123385,ARON à MOULAY,Mayenne,Pays de la Loire,1900-01-01,
48.471617654,-0.657411643,VARENNE À SOUCE,Mayenne,Pays de la Loire,1900-01-01,
48.690124122,-0.744099437,EGRENNE à BEAUCHENE,Orne,Normandie,1900-01-01,
48.445347915,-0.586028818,MAYENNE à AMBRIERES-LES-VALLEES,Mayenne,Pays de la Loire,1900-01-01,
48.084069226,-0.365957544,ERVE à CHAMMES,Mayenne,Pays de la Loire,1900-01-01,
48.030947841,-0.110995647,VEGRE à EPINEU-LE-CHEVREUIL,Sarthe,Pays de la Loire,1900-01-01,
47.814894135,-0.091260224,SARTHE à MALICORNE-SUR-SARTHE,Sarthe,Pays de la Loire,1900-01-01,
47.99665976,0.236076205,HUISNE à LE MANS,Sarthe,Pays de la Loire,1900-01-01,
48.228335422,0.674228664,HUISNE à AVEZE,Sarthe,Pays de la Loire,1900-01-01,
48.403846341,0.871070664,CORBIONNE à BRETONCELLES,Orne,Normandie,1900-01-01,
48.3854028,0.83662746,HUISNE à CONDEAU,Orne,Normandie,1900-01-01,
48.185273204,0.224385218,ORNE SAOSNOISE à BALLON,Sarthe,Pays de la Loire,1900-01-01,
48.254503455,0.045869,SARTHE à MOITRON-SUR-SARTHE,Sarthe,Pays de la Loire,1900-01-01,
48.273275614,-0.20279019,VAUDELLE à SAINT-GERMAIN-DE-COULAMER,Mayenne,Pays de la Loire,1900-01-01,
48.435300282,0.115815265,SARTHE à ALENCON,Orne,Normandie,1900-01-01,
48.631452388,0.468303342,SARTHE à MOULINS-LA-MARCHE,Orne,Normandie,1900-01-01,
47.640326071,-0.302186417,LOIR à LEZIGNE,Maine-et-Loire,Pays de la Loire,1900-01-01,
47.739239059,0.188695339,AUNE À PONTVALLAIN,Sarthe,Pays de la Loire,1900-01-01,
47.781775873,0.720293689,BRAYE à SOUGE,Loir-et-Cher,Centre-Val de Loire,1900-01-01,
47.905481568,0.624210873,TUSSON à EVAILLE,Sarthe,Pays de la Loire,1900-01-01,
48.02741782,0.725197211,FRESNAY OU FENDERIE À VIBRAYE,Sarthe,Pays de la Loire,1900-01-01,
48.040015945,0.776620865,BRAYE à VIBRAYE,Sarthe,Pays de la Loire,1900-01-01,
47.810752763,0.958738927,BOULON à MAZANGE,Loir-et-Cher,Centre-Val de Loire,1900-01-01,
47.797593656,1.026737019,LOIR à NAVEIL,Loir-et-Cher,Centre-Val de Loire,1900-01-01,
48.067473357,1.290446738,LOIR à SAINT-DENIS-LES-PONTS - Aval CHATEAUDUN,Eure-et-Loir,Centre-Val de Loire,1900-01-01,
48.110251653,1.372984915,CONIE à DONNEMAIN-SAINT-MAMES,Eure-et-Loir,Centre-Val de Loire,1900-01-01,
48.205957755,1.12749975,OZANNE à DAMPIERRE-SOUS-BROU,Eure-et-Loir,Centre-Val de Loire,1900-01-01,
47.453379983,-0.245003159,COUASNON à GEE,Maine-et-Loire,Pays de la Loire,1900-01-01,
47.406623051,-0.318640207,LOIRE à SAINT-MATHURIN-SUR-LOIRE,Maine-et-Loire,Pays de la Loire,1900-01-01,
47.215473157,-0.080053409,THOUET à CHACE,Maine-et-Loire,Pays de la Loire,1900-01-01,
46.959096605,-0.429416824,MADOIRE À SANZAY,Deux-Sèvres,Nouvelle-Aquitaine,1900-01-01,
46.916259078,-0.19287687,THOUARET à LUZAY,Deux-Sèvres,Nouvelle-Aquitaine,1900-01-01,
46.766104975,-0.167847941,THOUET à SAINT-LOUP-LAMAIRE,Deux-Sèvres,Nouvelle-Aquitaine,1900-01-01,
47.120691803,0.424689475,VIENNE à L'ILE-BOUCHARD,Indre-et-Loire,Centre-Val de Loire,1900-01-01,
47.04152582,0.791500176,ESVES à LIGUEIL,Indre-et-Loire,Centre-Val de Loire,1900-01-01,
46.76627117,0.841860361,GARTEMPE à ROCHE-POSAY,Vienne,Nouvelle-Aquitaine,1900-01-01,
46.568733915,1.093005334,ANGLIN à MAUVIERES,Indre,Centre-Val de Loire,1900-01-01,
46.426641673,1.115497787,BENAIZE à THOLLET,Vienne,Nouvelle-Aquitaine,1900-01-01,
46.150817323,1.1421526,SEMME À DROUX,Haute-Vienne,Nouvelle-Aquitaine,1900-01-01,
46.175622625,1.62531155,GARTEMPE à LE GRAND-BOURG,Creuse,Nouvelle-Aquitaine,1900-01-01,
46.636848915,1.386524489,CREUSE à RIVARENNES,Indre,Centre-Val de Loire,1900-01-01,
46.685931566,1.636359138,BOUZANNE à VELLES,Indre,Centre-Val de Loire,1900-01-01,
46.377553721,1.611562928,SEDELLE à CROZANT,Creuse,Nouvelle-Aquitaine,1900-01-01,
46.385769237,1.689395072,PETITE CREUSE à FRESSELINES,Creuse,Nouvelle-Aquitaine,1900-01-01,
46.342019436,2.144524398,PETITE CREUSE à MALLERET-BOUSSAC,Creuse,Nouvelle-Aquitaine,1900-01-01,
46.378176711,1.679195964,CREUSE à FRESSELINES,Creuse,Nouvelle-Aquitaine,1900-01-01,
46.223834032,1.919143788,CREUSE à GLENIC,Creuse,Nouvelle-Aquitaine,1900-01-01,
46.812246044,0.494696596,ENVIGNE À CHATELLERAULT-THURE,Vienne,Nouvelle-Aquitaine,1900-01-01,
46.700410458,0.697474061,OZON DE CHENEVELLES à ARCHIGNY,Vienne,Nouvelle-Aquitaine,1900-01-01,
46.569117814,0.303142701,BOIVRE à POITIERS,Vienne,Nouvelle-Aquitaine,1900-01-01,
46.46173933,0.080662839,VONNE à JAZENEUIL,Vienne,Nouvelle-Aquitaine,1900-01-01,
46.323543163,0.271612527,CLAIN à ANCHE,Vienne,Nouvelle-Aquitaine,1900-01-01,
46.509008593,0.633225375,VIENNE à VALDIVIENNE,Vienne,Nouvelle-Aquitaine,1900-01-01,
46.346064308,0.719154278,PETITE BLOURDE À PERSAC,Vienne,Nouvelle-Aquitaine,1900-01-01,
45.987791211,1.867252643,TAURION à SAINT-HILAIRE-LE-CHATEAU,Creuse,Nouvelle-Aquitaine,1900-01-01,
45.800472067,2.033113997,TAURION à GENTIOUX-PIGEROLLES,Creuse,Nouvelle-Aquitaine,1900-01-01,
45.848661795,1.804512537,MAULDE à SAINT-MARTIN-CHATEAU,Creuse,Nouvelle-Aquitaine,1900-01-01,
45.785016575,1.552953651,COMBADE À SAINT-DENIS-DES-MURS,Haute-Vienne,Nouvelle-Aquitaine,1900-01-01,
45.638742612,1.720754234,COMBADE à DOMPS,Haute-Vienne,Nouvelle-Aquitaine,1900-01-01,
45.693659901,2.076371745,VIENNE à SAINT-SETIERS,Corrèze,Nouvelle-Aquitaine,1900-01-01,
47.282009815,0.388119778,INDRE à LIGNIERES-DE-TOURAINE,Indre-et-Loire,Centre-Val de Loire,1900-01-01,
47.060000839,1.088063635,INDRE à SAINT-HIPPOLYTE,Indre-et-Loire,Centre-Val de Loire,1900-01-01,
47.333914879,0.341117546,ROUMER à LANGEAIS,Indre-et-Loire,Centre-Val de Loire,1900-01-01,
47.348252198,0.544313823,CHER à SAVONNIERES,Indre-et-Loire,Centre-Val de Loire,1900-01-01,
47.270938154,1.375204534,CHER à SAINT-AIGNAN,Loir-et-Cher,Centre-Val de Loire,1900-01-01,
47.007783046,1.457455628,NAHON à SELLES-SUR-NAHON,Indre,Centre-Val de Loire,1900-01-01,
47.219413897,1.677519608,RENON à PARPECAY,Indre,Centre-Val de Loire,1900-01-01,
47.320602517,1.670795439,SAULDRE à PRUNIERS-EN-SOLOGNE,Loir-et-Cher,Centre-Val de Loire,1900-01-01,
47.432623475,2.067352369,SAULDRE à SALBRIS,Loir-et-Cher,Centre-Val de Loire,1900-01-01,
47.446698079,2.304762639,PETITE SAULDRE À MENETREOL-SUR-SAULDRE,Cher,Centre-Val de Loire,1900-01-01,
47.162027747,2.028936994,ARNON à MEREAU,Cher,Centre-Val de Loire,1900-01-01,
47.0392313,2.434565719,AURON à BOURGES,Cher,Centre-Val de Loire,1900-01-01,
47.167868637,2.15121017,CHER À FOECY,Cher,Centre-Val de Loire,1900-01-01,
46.767898278,2.428888885,CHER à BRUERE-ALLICHAMPS,Cher,Centre-Val de Loire,1900-01-01,
46.529268506,2.674064824,AUMANCE à HERISSON,Allier,Auvergne-Rhône-Alpes,1900-01-01,
46.420785099,2.823195236,OEIL à VILLEFRANCHE-D'ALLIER,Allier,Auvergne-Rhône-Alpes,1900-01-01,
46.491960594,2.825315177,AUMANCE à COSNE-D'ALLIER,Allier,Auvergne-Rhône-Alpes,1900-01-01,
46.535098738,2.614615504,CHER à VALLON-EN-SULLY,Allier,Auvergne-Rhône-Alpes,1900-01-01,
45.880563173,2.362423283,TARDES à SAINT-ORADOUX-PRES-CROCQ,Creuse,Nouvelle-Aquitaine,1900-01-01,
46.144206309,2.566288286,CHER à CHAMBONCHARD,Creuse,Nouvelle-Aquitaine,1900-01-01,
47.344482393,0.479752567,LOIRE à VILLANDRY,Indre-et-Loire,Centre-Val de Loire,1900-01-01,
47.673979127,1.525573461,LOIRE à MUIDES-SUR-LOIRE,Loir-et-Cher,Centre-Val de Loire,1900-01-01,
47.816779591,1.783722053,ARDOUX à CLERY-SAINT-ANDRE,Loiret,Centre-Val de Loire,1900-01-01,
47.812892122,2.0486187,DHUY à SANDILLON,Loiret,Centre-Val de Loire,1900-01-01,
47.761051944,2.322399252,BEC D'ABLE à SULLY-SUR-LOIRE,Loiret,Centre-Val de Loire,1900-01-01,
47.563263744,2.635762779,NOTREURE à CERNOY-EN-BERRY,Loiret,Centre-Val de Loire,1900-01-01,
47.3558736,2.99675436,NOHAIN à SAINT-MARTIN-SUR-NOHAIN,Nièvre,Bourgogne-Franche-Comté,1900-01-01,
47.338334227,2.867899215,LOIRE À SAINT-SATUR,Cher,Centre-Val de Loire,1900-01-01,
47.013294395,3.072637369,LOIRE à FOURCHAMBAULT,Nièvre,Bourgogne-Franche-Comté,1900-01-01,
46.815318608,3.045261237,ALLIER à LANGERON,Nièvre,Bourgogne-Franche-Comté,1900-01-01,
46.699175648,3.00460675,BIEUDRE ou RAU DE GOUTAT à POUZY-MESANGY,Allier,Auvergne-Rhône-Alpes,1900-01-01,
46.536002961,3.211251384,QUEUNE à SOUVIGNY,Allier,Auvergne-Rhône-Alpes,1900-01-01,
46.40302477,3.319177387,ALLIER à CHATEL-DE-NEUVRE,Allier,Auvergne-Rhône-Alpes,1900-01-01,
46.340466453,3.310242911,SIOULE à CONTIGNY,Allier,Auvergne-Rhône-Alpes,1900-01-01,
46.263132788,3.226297988,BOUBLE à CHAREIL-CINTRAT,Allier,Auvergne-Rhône-Alpes,1900-01-01,
46.054503898,2.915905164,SIOULE à LISSEUIL,Puy-de-Dôme,Auvergne-Rhône-Alpes,1900-01-01,
45.825346163,2.61859276,SIOULET à COMBRAILLES,Puy-de-Dôme,Auvergne-Rhône-Alpes,1900-01-01,
45.879678279,2.809031706,SIOULE à MONTFERMY,Puy-de-Dôme,Auvergne-Rhône-Alpes,1900-01-01,
45.770258801,2.835214742,SIOULE à MAZAYE,Puy-de-Dôme,Auvergne-Rhône-Alpes,1900-01-01,
46.131360125,3.492374419,JOLAN à CUSSET,Allier,Auvergne-Rhône-Alpes,1900-01-01,
46.024051677,3.647225027,SICHON à FERRIERES-SUR-SICHON,Allier,Auvergne-Rhône-Alpes,1900-01-01,
45.878180929,3.482185056,DORE à DORAT,Puy-de-Dôme,Auvergne-Rhône-Alpes,1900-01-01,
45.675106745,3.630143903,DORE à OLLIERGUES,Puy-de-Dôme,Auvergne-Rhône-Alpes,1900-01-01,
45.382636782,3.74557209,DORE à DORE-L'EGLISE,Puy-de-Dôme,Auvergne-Rhône-Alpes,1900-01-01,
45.900166064,3.295036299,BEDAT à SAINT-LAURE,Puy-de-Dôme,Auvergne-Rhône-Alpes,1900-01-01,
46.018130522,3.074826052,MORGE à MONTCEL,Puy-de-Dôme,Auvergne-Rhône-Alpes,1900-01-01,
45.557298971,2.882879465,COUZE CHAMBON à CHAMBON-SUR-LAC,Puy-de-Dôme,Auvergne-Rhône-Alpes,1900-01-01,
45.532612344,3.010764857,COUZE PAVIN à SAINT-DIERY,Puy-de-Dôme,Auvergne-Rhône-Alpes,1900-01-01,
45.141909949,3.01412345,ALAGNON à JOURSAC,Cantal,Auvergne-Rhône-Alpes,1900-01-01,
45.281619366,2.909123676,ALLANCHE OU COURBIERES À PRADIERS,Cantal,Auvergne-Rhône-Alpes,1900-01-01,
45.253265098,3.654940367,SENOUIRE à SAINT-PAL-DE-SENOUIRE,Haute-Loire,Auvergne-Rhône-Alpes,1900-01-01,
45.015630849,3.458752234,DESGES à DESGES,Haute-Loire,Auvergne-Rhône-Alpes,1900-01-01,
44.8986312,3.632054669,ANCE DU SUD à SAINT-PREJET-D'ALLIER,Haute-Loire,Auvergne-Rhône-Alpes,1900-01-01,
44.69931942,3.743922592,CHAPEAUROUX à PIERREFICHE,Lozère,Occitanie,1900-01-01,
44.563916272,3.848476604,ALLIER à CHASSERADES,Lozère,Occitanie,1900-01-01,
44.67579868,3.916144834,RAU DE LIAURON à CELLIER-DU-LUC,Ardèche,Auvergne-Rhône-Alpes,1900-01-01,
46.98260563,3.151957122,LOIRE à NEVERS,Nièvre,Bourgogne-Franche-Comté,1900-01-01,
47.022508651,3.209511596,NIEVRE à COULANGES-LES-NEVERS,Nièvre,Bourgogne-Franche-Comté,1900-01-01,
47.236771564,3.250339342,NIEVRE à DOMPIERRE-SUR-NIEVRE,Nièvre,Bourgogne-Franche-Comté,1900-01-01,
46.511689404,3.559210989,ACOLIN à THIEL-SUR-ACOLIN,Allier,Auvergne-Rhône-Alpes,1900-01-01,
46.828012725,3.457743987,LOIRE à DECIZE,Nièvre,Bourgogne-Franche-Comté,1900-01-01,
46.913421169,3.652615822,CANNE à SAINT-GRATIEN-SAVIGNY,Nièvre,Bourgogne-Franche-Comté,1900-01-01,
46.798843437,4.02840957,ALENE à LUZY,Nièvre,Bourgogne-Franche-Comté,1900-01-01,
46.715504429,3.882307314,SOMME à CRESSY-SUR-SOMME,Saône-et-Loire,Bourgogne-Franche-Comté,1900-01-01,
46.501677977,3.678657069,BESBRE à DOMPIERRE-SUR-BESBRE,Allier,Auvergne-Rhône-Alpes,1900-01-01,
46.206570925,3.649999803,BESBRE à SAINT-PRIX,Allier,Auvergne-Rhône-Alpes,1900-01-01,
46.019741841,3.740752329,BESBRE à CHABANNE (LA),Allier,Auvergne-Rhône-Alpes,1900-01-01,
46.474353162,3.75674508,ROUDON à SALIGNY-SUR-ROUDON,Allier,Auvergne-Rhône-Alpes,1900-01-01,
46.342785968,3.891765575,VOUZANCE à NEUILLY-EN-DONJON,Allier,Auvergne-Rhône-Alpes,1900-01-01,
46.49189962,3.940491903,LOIRE à LA MOTTE-SAINT-JEAN,Saône-et-Loire,Bourgogne-Franche-Comté,1900-01-01,
46.533701622,4.032376373,ARROUX à RIGNY-SUR-ARROUX,Saône-et-Loire,Bourgogne-Franche-Comté,1900-01-01,
46.471765769,4.078916419,BOURBINCE à VITRY-EN-CHAROLLAIS,Saône-et-Loire,Bourgogne-Franche-Comté,1900-01-01,
46.906797309,4.197313107,ARROUX à LAIZY,Saône-et-Loire,Bourgogne-Franche-Comté,1900-01-01,
46.96605135,4.296900227,ARROUX à AUTUN,Saône-et-Loire,Bourgogne-Franche-Comté,1900-01-01,
47.102918856,4.231087246,TERNIN à CHISSEY-EN-MORVAN,Saône-et-Loire,Bourgogne-Franche-Comté,1900-01-01,
46.228475035,4.259195075,SORNIN à SAINT-MAURICE-LES-CHATEAUNEUF,Saône-et-Loire,Bourgogne-Franche-Comté,1900-01-01,
45.944726369,4.351725702,RANCONNET à AMPLEPUIS,Rhône,Auvergne-Rhône-Alpes,1900-01-01,
45.834741998,4.130428182,AIX à SAINT-GEORGES-DE-BAROILLE,Loire,Auvergne-Rhône-Alpes,1900-01-01,
45.496587298,4.155904475,MARE à SAINT-MARCELLIN-EN-FOREZ,Loire,Auvergne-Rhône-Alpes,1900-01-01,
45.627989065,4.525578682,COISE à LARAJASSE,Rhône,Auvergne-Rhône-Alpes,1900-01-01,
45.285562614,4.11411131,ANCE DU NORD à BEAUZAC,Haute-Loire,Auvergne-Rhône-Alpes,1900-01-01,
45.379774285,3.890924135,ANCE DU NORD à SAUVESSANGES,Puy-de-Dôme,Auvergne-Rhône-Alpes,1900-01-01,
45.220056143,4.331558616,DUNIERES à DUNIERES,Haute-Loire,Auvergne-Rhône-Alpes,1900-01-01,
48.596183376,-1.292782406,LA SÉLUNE A SAINT-AUBIN-DE-TERREGATTE 1,Manche,Normandie,2010-03-08,
48.621232751,-0.941232585,LA CANCE A ROMAGNY 1,Manche,Normandie,2010-03-08,
48.709066551,-1.261783681,LA SÉE A TIREPIED,Manche,Normandie,2010-03-08,
48.731057612,-1.103258547,LE GLANON A CUVES 2,Manche,Normandie,2010-03-08,
48.701055698,-0.901617517,LA SÉE ROUSSE A SOURDEVAL 2,Manche,Normandie,2010-03-08,
48.897917102,-1.387725158,L'AIROU A VER 2,Manche,Normandie,2010-03-08,
48.90460146,-1.348583042,LA BERENCE A GAVRAY,Manche,Normandie,2012-01-13,
48.934782746,-1.296099825,LA SIENNE A LA BALEINE 1,Manche,Normandie,2010-03-08,
49.61343304,-1.404082462,LA SAIRE A BRILLEVAST 1,Manche,Normandie,2010-03-08,
49.220805627,-1.272282702,LA TAUTE A SAINT-ANDRE-DE-BOHON 1,Manche,Normandie,2010-03-08,
48.998239116,-1.06270034,LA RIVIÈRE DE JACRE A DOMJEAN 2,Manche,Normandie,2010-03-08,
48.858999671,-0.483082328,LE NOIREAU A BERJOU 1,Orne,Normandie,2006-09-11,
48.767372838,-0.714545435,LA DURANCE A TINCHEBRAY,Orne,Normandie,2012-01-13,
48.670312372,-0.306889882,LA ROUVRE A FAVEROLLES 2,Orne,Normandie,2001-07-11,
48.748363353,-0.061340768,L'HOUAY A MOULINS-SUR-ORNE 1,Orne,Normandie,2010-03-08,
48.753659815,0.100385111,L'URE A SILLY-EN-GOUFFERN 2,Orne,Normandie,2010-03-08,
48.904119713,0.212126844,LA VIE A GUERQUESALLES 1,Orne,Normandie,2010-03-08,
49.11120147,-0.152864178,LA MUANCE A MOULT 1,Calvados,Normandie,2010-03-08,
49.124361735,0.336399467,LA COURTONNE A COURTONNE-LA-MEURDRAC 2,Calvados,Normandie,2012-06-20,
49.105316671,0.216533093,LA TOUQUES A SAINT-MARTIN-DE-LA-LIEUE 1,Calvados,Normandie,2001-10-23,
49.016032414,0.553416839,LA CHARENTONNE A FERRIERES-SAINT-HILAIRE 1,Eure,Normandie,2001-08-09,
48.901086702,0.456930259,LA GUIEL A VERNEUSSES 1,Eure,Normandie,2010-03-08,
48.776618563,0.412172565,LE TREMONT A SAINT-EVROULT-NOTRE-DAME-DU-BOIS 1,Orne,Normandie,2016-03-16,
49.743947476,0.479315969,LA VALMONT A COLLEVILLE 1,Seine-Maritime,Normandie,2010-03-08,
49.881619971,1.138854287,LA BÉTHUNE A ARQUES-LA-BATAILLE 1,Seine-Maritime,Normandie,2001-11-05,
49.506210238,0.535889212,LA RIVIERE DU COMMERCE A LILLEBONNE 3,Seine-Maritime,Normandie,2010-03-08,
49.50839983,1.036954004,LE CAILLY A LE HOULME 1,Seine-Maritime,Normandie,2010-03-08,
48.764813129,0.761750555,L'ITON A CHAISE-DIEU-DU-THEIL 1,Eure,Normandie,2001-11-05,
48.65040125,1.237363811,LA BLAISE A SAINT-ANGE-ET-TORCAY 1,Eure-et-Loir,Centre-Val de Loire,2010-03-08,
48.843316282,1.380537311,L'EURE A CROTH 2,Eure,Normandie,2010-03-08,
49.353519128,1.325227245,L'ANDELLE A RADEPONT 1,Eure,Normandie,2010-03-08,
49.489405915,1.32327277,LE CREVON A SAINT-AIGNAN-SUR-RY 1,Seine-Maritime,Normandie,2001-11-05,
49.476652023,1.405202963,LE HÉRON A ELBEUF-SUR-ANDELLE 1,Seine-Maritime,Normandie,2001-11-05,
49.533033958,1.686726922,LA RIVIÈRE DE MÉSANGUEVILLE A DAMPIERRE-EN-BRAY 2,Seine-Maritime,Normandie,2001-11-05,
49.310144107,1.23665644,LA SEINE A POSES 2,Eure,Normandie,2010-03-08,
48.967727806,1.823740694,LA MAULDRE A EPONE 1,Yvelines,Île-de-France,2010-03-08,
49.126061049,2.171535869,LE SAUSSERON A NESLES-LA-VALLEE 1,Val-d'Oise,Île-de-France,2010-03-08,
49.432331763,1.936695367,L'AVELON A LACHAPELLE-AUX-POTS 1,Oise,Hauts-de-France,2010-03-08,
49.581532082,1.758347481,LE THERAIN A HERICOURT-SUR-THERAIN 2,Oise,Hauts-de-France,2010-03-08,
49.414997738,2.35701448,LA BRÈCHE A ETOUY 1,Oise,Hauts-de-France,2010-03-08,
49.215513911,4.095313479,LA VESLE A TAISSY 2,Marne,Grand Est,2010-03-08,
49.237001844,4.409559607,LA SUIPPE A DONTRIEN 1,Marne,Grand Est,2010-03-08,
49.340364356,4.872091792,L'AIRE A GRANDPRE 3,Ardennes,Grand Est,2010-03-08,
49.227888673,5.034368743,L'AIRE A VARENNES-EN-ARGONNE 1,Meuse,Grand Est,2007-02-01,
49.074498614,5.120887883,L'AIRE A RARECOURT 1,Meuse,Grand Est,2010-03-08,
49.436146948,2.876470159,L'AISNE A CHOISY-AU-BAC 1,Oise,Hauts-de-France,2010-03-08,
49.398577833,3.47521073,L'AISNE A CONDE-SUR-AISNE 1,Aisne,Hauts-de-France,2010-03-08,
49.423237294,4.162760841,LA RETOURNE A SAULT-SAINT-REMY 1,Ardennes,Grand Est,2010-03-08,
49.491813669,4.157039256,L'AISNE A BALHAM 1,Ardennes,Grand Est,2010-03-08,
49.583735087,4.307492368,LA VAUX A HAUTEVILLE 1,Ardennes,Grand Est,2010-03-08,
49.480110153,4.579073297,L'AISNE A ATTIGNY 1,Ardennes,Grand Est,2010-03-08,
49.440394684,4.76519883,LA FOURNELLE A QUATRE-CHAMPS 1,Ardennes,Grand Est,2010-03-08,
49.101741344,4.868924485,L'AISNE A CHAUDEFONTAINE 1,Marne,Grand Est,2010-03-08,
48.915019015,5.065919321,L'AISNE A LISLE-EN-BARROIS 1,Meuse,Grand Est,2007-02-01,
49.737425294,3.740464362,LE VILPION A MARCY-SOUS-MARLE 1,Aisne,Hauts-de-France,2010-03-08,
49.734515082,4.259269838,LA SERRE A LE FRETY 2,Ardennes,Grand Est,2010-03-08,
49.492666233,3.363188565,L'AILETTE A LANDRICOURT 2,Aisne,Hauts-de-France,2010-03-08,
49.087490019,1.985400521,LA VIOSNE A ABLEIGES 1,Val-d'Oise,Île-de-France,2010-03-08,
49.200082325,2.203182776,L'ESCHES A BORNEL 1,Oise,Hauts-de-France,2010-03-08,
49.145447105,2.285255527,L'OISE A BEAUMONT-SUR-OISE 1,Val-d'Oise,Île-de-France,2010-03-08,
49.302897335,2.604164303,L'OISE A PONT-SAINTE-MAXENCE 2,Oise,Hauts-de-France,2010-03-08,
49.27060547,2.850035544,LA RIVIÈRE SAINTE-MARIE A GLAIGNES 1,Oise,Hauts-de-France,2010-03-08,
49.910217749,3.828080624,L'OISE A ERLOY 1,Aisne,Hauts-de-France,2010-03-08,
49.895418841,4.024098921,LE TON A ORIGNY-EN-THIERACHE 2,Aisne,Hauts-de-France,2010-03-08,
49.922122895,4.159498271,LE GLAND A SAINT-MICHEL 2,Aisne,Hauts-de-France,2010-03-08,
49.021328188,1.611228878,LA SEINE A MERICOURT 4,Yvelines,Île-de-France,2010-03-08,
48.93678189,2.038835044,LA SEINE A POISSY 1,Yvelines,Île-de-France,2010-03-08,
48.745962695,2.229481058,LA BIÈVRE A VERRIERES-LE-BUISSON 1,Essonne,Île-de-France,2010-03-08,
48.829335534,2.903299343,LE GRAND MORIN A TIGEAUX 1,Seine-et-Marne,Île-de-France,2010-03-08,
48.782994077,3.444805842,LE GRAND MORIN A VILLENEUVE-LA-LIONNE 1,Marne,Grand Est,2010-03-08,
49.008928009,3.569816932,LE SURMELIN A CELLES-LES-CONDE 3,Aisne,Hauts-de-France,2010-03-08,
48.816895156,2.41962979,LA MARNE A CHARENTON-LE-PONT 2,Val-de-Marne,Île-de-France,2010-03-08,
48.944716518,3.124601326,LA MARNE A LA FERTE-SOUS-JOUARRE 1,Seine-et-Marne,Île-de-France,2010-03-08,
48.910945594,4.098058066,LA SOMME-SOUDE A CHAINTRIX-BIERGES 1,Marne,Grand Est,2010-03-08,
48.996564165,4.241690712,LA MARNE A MATOUGUES 1,Marne,Grand Est,2010-03-08,
48.927480156,4.355064194,LA COOLE A COOLUS 1,Marne,Grand Est,2006-03-02,
48.745672626,4.625819928,LA SAULX A VITRY-EN-PERTHOIS 1,Marne,Grand Est,2010-03-08,
48.767567836,4.680473664,LA CHEE A MERLAUT 1,Marne,Grand Est,2009-03-27,
48.343716392,5.165197501,LE ROGNON A DOULAINCOURT-SAUCOURT 2,Haute-Marne,Grand Est,2001-07-13,
48.700651184,4.587424586,LA MARNE A FRIGNICOURT 1,Marne,Grand Est,2010-03-08,
48.514601866,4.93092796,LA BLAISE A WASSY 3,Haute-Marne,Grand Est,2010-03-08,
48.548436362,5.074603847,LA MARNE A BAYARD-SUR-MARNE 3,Haute-Marne,Grand Est,2010-03-08,
48.17852854,5.149853632,LA MARNE A RIAUCOURT 1,Haute-Marne,Grand Est,2010-03-08,
48.866707755,2.229494609,LA SEINE A SURESNES 2,Hauts-de-Seine,Île-de-France,2010-03-08,
48.710829764,2.464530637,L'YERRES A CROSNE 2,Essonne,Île-de-France,2010-03-08,
48.720465672,2.543070909,LE RÉVEILLON A VILLECRESNES 2,Val-de-Marne,Île-de-France,2007-01-04,
48.650945945,2.903425451,L'YERRES A COURTOMER 1,Seine-et-Marne,Île-de-France,2010-03-08,
48.705001583,2.03760784,L'YVETTE A CHEVREUSE 2,Yvelines,Île-de-France,2010-03-08,
48.538894375,2.079817138,L'ORGE A SERMAISE 2,Essonne,Île-de-France,2010-03-08,
48.360700494,2.383236139,L'ESSONNE A BUNO-BONNEVAUX 2,Essonne,Île-de-France,2010-03-08,
48.71866825,2.41559629,LA SEINE A ABLON-SUR-SEINE 2,Val-de-Marne,Île-de-France,2010-03-08,
48.295411858,2.782063274,LE LUNAIN A NONVILLE 1,Seine-et-Marne,Île-de-France,2010-03-08,
47.948210779,2.846448386,L'OUANNE A GY-LES-NONAINS 2,Loiret,Centre-Val de Loire,2010-03-08,
48.558880551,2.740991008,LE RU D'ANCOEUIL A MOISENAY 1,Seine-et-Marne,Île-de-France,2010-03-08,
48.53751414,2.547862123,LA SEINE A SAINT-FARGEAU-PONTHIERRY 1,Seine-et-Marne,Île-de-France,2010-03-08,
48.386994816,2.479444498,L'ÉCOLE A ONCY-SUR-ECOLE 1,Essonne,Île-de-France,2010-03-08,
48.056388146,4.01940767,LE RUISSEAU DE TRÉMAGNE A LA LOGE-POMBLIN 1,Aube,Grand Est,2010-03-08,
47.534646295,4.539739382,L'OZE A DARCEY 1,Côte-d'Or,Bourgogne-Franche-Comté,2010-03-08,
47.466063722,4.128380606,LE SEREIN A VIEUX-CHATEAU 2,Côte-d'Or,Bourgogne-Franche-Comté,2010-03-08,
47.480934489,3.757096166,LA CURE A ASQUINS 1,Yonne,Bourgogne-Franche-Comté,2010-03-08,
47.195972829,3.974059733,LE CHALAUX A OUROUX-EN-MORVAN 2,Nièvre,Bourgogne-Franche-Comté,2010-03-08,
47.354072952,3.963814112,LA CURE A MARIGNY-L'EGLISE 1,Nièvre,Bourgogne-Franche-Comté,2010-03-08,
47.917421345,3.236211768,LE VRIN A LA FERTE-LOUPIERE 2,Yonne,Bourgogne-Franche-Comté,2010-03-08,
47.642921109,3.663964834,L'YONNE A PREGILBERT 1,Yonne,Bourgogne-Franche-Comté,2010-03-08,
47.028706408,3.969198312,L'YONNE A CHATEAU-CHINON(CAMPAGNE) 3,Nièvre,Bourgogne-Franche-Comté,2010-03-08,
48.44858172,4.491321431,LA VOIRE A LASSICOURT 1,Aube,Grand Est,2010-03-08,
48.153711826,4.804771329,L'AUJON A LONGCHAMP-SUR-AUJON 1,Aube,Grand Est,2010-03-08,
48.573210154,3.777467513,L'AUBE A BAUDEMENT 1,Marne,Grand Est,2010-03-08,
48.679721648,3.870386547,LA SUPERBE A MARIGNY 1,Marne,Grand Est,2010-03-08,
48.536754222,4.063831315,LA BARBUISE A POUAN-LES-VALLEES 1,Aube,Grand Est,2010-03-08,
48.144052112,4.795471206,L'AUBE A VILLE-SOUS-LA-FERTE 1,Aube,Grand Est,2000-11-29,
47.777652066,5.080423025,L'AUBE A AUBERIVE 3,Haute-Marne,Grand Est,2010-03-08,
48.44091953,3.173379985,L'AUXENCE A VIMPELLES 2,Seine-et-Marne,Île-de-France,2010-03-08,
48.468501936,3.416207672,LA SEINE A COURCEROY 1,Aube,Grand Est,2010-03-08,
48.466128586,3.588113314,L'ARDUSSON A FERREUX-QUINCEY 2,Aube,Grand Est,2006-06-12,
48.227130457,4.29717781,LA BARSE A MONTREUIL-SUR-BARSE 1,Aube,Grand Est,2000-11-29,
47.998739168,4.614805484,L'OURCE A AUTRICOURT 1,Côte-d'Or,Bourgogne-Franche-Comté,2010-03-08,
47.728986262,4.864757501,LA GROÈME A TERREFONDREE 1,Côte-d'Or,Bourgogne-Franche-Comté,2010-03-08,
48.10773108,4.309863256,LA SARCE A JULLY-SUR-SARCE 3,Aube,Grand Est,2001-08-10,
47.9428806,4.507566066,LA SEINE A CHARREY-SUR-SEINE 1,Côte-d'Or,Bourgogne-Franche-Comté,1971-01-01,
47.764194461,4.570985849,LA SEINE A NOD-SUR-SEINE 1,Côte-d'Or,Bourgogne-Franche-Comté,1971-01-01,
50.16912003,4.824971715,LA MEUSE À GIVET,Ardennes,Grand Est,1991-01-01,10400.8
50.118891293,4.854740849,LA HOUILLE À FROMELENNES,Ardennes,Grand Est,1983-01-01,208.8
50.09161453,4.711540348,LE VIROIN À VIREUX-MOLHAIN,Ardennes,Grand Est,1997-01-01,583.8
49.996662832,4.684556241,L'ALYSE À FUMAY,Ardennes,Grand Est,1987-01-01,26.5
49.86290878,4.786690187,LA SEMOIS À HAULME,Ardennes,Grand Est,1971-01-01,1357.8
49.848804694,4.398542743,LA SORMONNE À GIRONDELLE,Ardennes,Grand Est,1991-01-01,32.43
49.554794785,4.823129486,LA BAR À SAUVILLE,Ardennes,Grand Est,1997-01-01,250.25
49.687924918,4.987839523,LA GIVONNE À DAIGNY,Ardennes,Grand Est,1984-01-01,43.0
49.652063934,5.133509709,LA CHIERS À CARIGNAN,Ardennes,Grand Est,1967-01-01,2117.5
49.614466776,5.319155201,LA MARCHE À SAPOGNE-SUR-MARCHE,Ardennes,Grand Est,1994-01-01,99.2
49.31675583,5.68091884,L'OTHAIN À HOUDELAUCOURT,Meuse,Grand Est,1991-01-01,84.07
49.525586126,5.460133329,LE TON À ECOUVIEZ,Meuse,Grand Est,1973-01-01,308.5
49.489747565,5.519968119,LE DORLON À CHARENCY-VEZIN,Meurthe-et-Moselle,Grand Est,1991-01-01,
49.410750661,5.718023407,LE RUISSEAU DE NANHEUL À PIERREPONT,Meurthe-et-Moselle,Grand Est,1986-01-01,203.53
49.380672206,5.746426443,LA PIENNE À MERCY-LE-BAS,Meurthe-et-Moselle,Grand Est,1986-01-01,48.86
49.510409864,5.815064819,LA MOULAINE À HAUCOURT-MOULAINE,Meurthe-et-Moselle,Grand Est,1992-01-01,26.5
49.652728396,5.001385343,LA MEUSE À REMILLY,Ardennes,Grand Est,1971-01-01,4160.65
49.413341522,5.190955197,LA MEUSE À SASSEY-SUR-MEUSE,Meuse,Grand Est,1971-01-01,3732.59
48.870259669,5.541004992,LA MEUSE À SAINT-MIHIEL,Meuse,Grand Est,1967-01-01,2546.3
48.664467745,5.611106269,LA MEHOLLE À VOID-VACON,Meuse,Grand Est,1997-01-01,71.25
48.402459219,5.733357876,LE VAIR À SOULOSSE,Vosges,Grand Est,1973-01-01,442.56
48.068172372,5.543803548,LA MEUSE À BASSONCOURT,Haute-Marne,Grand Est,1983-01-01,133.79
49.341823414,6.567122583,LE REMEL À NEUNKIRCHEN-LES-BOUZONVILLE,Moselle,Grand Est,2006-01-01,
49.329464727,6.5757813,LA NIED À GUERSTLING,Moselle,Grand Est,1986-01-01,1177.19
49.127250091,7.472256873,LA HORN À LIEDERSCHIEDT,Moselle,Grand Est,1985-01-01,95.5
48.96434045,6.877591998,L'ALBE À INSMING,Moselle,Grand Est,1985-01-01,109.76
48.969734853,7.038916586,LA SARRE À KESKASTEL,Bas-Rhin,Grand Est,1965-01-01,879.45
48.547907304,7.126951892,LA SARRE BLANCHE À TURQUESTEIN-BLANCRUPT,Moselle,Grand Est,2005-01-01,7.26
49.454521214,6.07835261,LE RUISSEAU DES QUATRE MOULINS À VOLMERANGE,Moselle,Grand Est,2000-01-01,
49.458635627,6.387451863,LE RUISSEAU D'APACH À APACH,Moselle,Grand Est,1993-01-01,
49.449069134,6.346834842,LA MOSELLE À SIERCK,Moselle,Grand Est,1964-01-01,11306.15
49.470400972,6.305804538,LE RUISSEAU D'ALTBACH À BEYREN-LES-SIERCK,Moselle,Grand Est,2007-01-01,
49.39839347,6.310555861,LE RUISSEAU D'OUDRENNE À KOENIGSMACKER,Moselle,Grand Est,2006-01-01,26.84
49.253895576,6.065819408,L'ORNE À ROSSELANGE,Moselle,Grand Est,1971-01-01,1243.32
49.171827715,5.681327109,L'ORNE À GUSSAINVILLE,Meuse,Grand Est,1993-01-01,256.06
48.94101026,6.1243344,LA SEILLE À CHEMINOT,Moselle,Grand Est,1964-01-01,1042.93
48.878847869,6.595833998,LA PETITE SEILLE À HABOUDANGE,Moselle,Grand Est,1988-01-01,42.83
48.796381528,6.669594017,LA SEILLE À MULCEY,Moselle,Grand Est,1971-01-01,196.37
48.954805707,6.050661886,LA MOSELLE À VANDIERES,Meurthe-et-Moselle,Grand Est,1997-01-01,7256.96
48.688956868,6.206745262,LA MEURTHE À TOMBLAINE,Meurthe-et-Moselle,Grand Est,1993-01-01,2856.44
48.673289973,6.559461298,LE SANON À HENAMENIL,Meurthe-et-Moselle,Grand Est,1987-01-01,178.75
48.397292028,6.584580376,LA MORTAGNE À SAINT-MAURICE-SUR-MORTAGNE,Vosges,Grand Est,1991-01-01,347.99
48.579500223,6.628375786,LA VEZOUZE À THIEBAUMENIL,Meurthe-et-Moselle,Grand Est,1991-01-01,470.95
48.523718968,6.598309565,LA MEURTHE À SAINT-CLEMENT,Meurthe-et-Moselle,Grand Est,2005-01-01,1040.84
48.465563862,6.957757551,LA PLAINE À CELLES-SUR-PLAINE (LA SOYE),Vosges,Grand Est,2012-01-01,
48.512306652,7.10176496,LA PLAINE À RAON-SUR-PLAINE,Vosges,Grand Est,2005-01-01,19.57
48.528747106,6.139675619,LE BRENON À AUTREY,Meurthe-et-Moselle,Grand Est,1990-01-01,143.95
48.277511562,6.135465782,LE MADON À MATTAINCOURT,Vosges,Grand Est,1993-01-01,369.09
48.550464672,6.246151001,LA MOSELLE À TONNOY,Meurthe-et-Moselle,Grand Est,1993-01-01,1995.08
48.185082307,6.760979762,LE NEUNE À LAVELINE-DEVANT-BRUYERE,Vosges,Grand Est,1991-01-01,93.64
48.057897126,6.703357475,LA CLEURIE À CLEURIE,Vosges,Grand Est,1976-01-01,58.56
49.043169209,7.902768393,LA LAUTER À WEILER,Bas-Rhin,Grand Est,1991-01-01,10.2
48.865722331,8.085855425,LA SAUER À BEINHEIM,Bas-Rhin,Grand Est,1971-01-01,458.2
48.884088644,7.776456295,L'EBERBACH À WALBOURG,Bas-Rhin,Grand Est,2000-01-01,
49.044333724,7.757042996,LA SAUER À LEMBACH,Bas-Rhin,Grand Est,1992-01-01,0.5
48.761339397,7.951421013,LA MODER À DRUSENHEIM,Bas-Rhin,Grand Est,1967-01-01,1542.8
48.764390816,7.420964499,LA ZORN À STEINBOURG,Bas-Rhin,Grand Est,1993-01-01,395.25
48.918549382,7.592574514,LA ZINSEL DU NORD À ZINSWILLER,Bas-Rhin,Grand Est,1993-01-01,87.94
48.654604083,7.830923029,L'ILL À LA WANTZENAU,Bas-Rhin,Grand Est,1971-01-01,4853.8
48.643531828,7.704429601,LA SOUFFEL À MUNDOLSHEIM (AMONT),Bas-Rhin,Grand Est,1986-09-01,70.55
48.535256694,7.436695059,LA BRUCHE À GRESSWILLER,Bas-Rhin,Grand Est,1971-01-01,434.06
48.457250958,7.552835384,L'EHN À MEISTRATZHEIM,Bas-Rhin,Grand Est,2000-01-01,70.97
48.33856618,7.460148313,LA SCHERNETZ À EPFIG,Bas-Rhin,Grand Est,2000-01-01,
48.39485593,7.402673795,L'ANDLAU À ANDLAU,Bas-Rhin,Grand Est,1971-01-01,37.41
48.355282227,7.580241699,L'ILL À HUTTENHEIM,Bas-Rhin,Grand Est,1981-01-01,3238.0
48.16154155,7.448526671,LE RIEDBRUNNEN À COLMAR (LINDEN MATTEN),Haut-Rhin,Grand Est,2005-01-01,
48.187013463,7.40087686,LA FECHT À GUEMAR,Haut-Rhin,Grand Est,1967-01-01,516.5
48.054063574,7.061532567,LA PETITE FECHT À STOSSWIHR (B),Haut-Rhin,Grand Est,2005-01-01,10.02
48.015925784,7.330821994,LA LAUCH À HERRLISHEIM-PRES-COLMAR,Haut-Rhin,Grand Est,1967-01-01,296.8
47.923436993,7.196836992,LA LAUCH À BUHL (AVAL),Haut-Rhin,Grand Est,1986-01-01,65.02
47.826924307,7.264898893,LA THUR À STAFFELFELDEN,Haut-Rhin,Grand Est,1971-01-01,249.5
47.745619565,7.232749853,LA DOLLER À REININGUE,Haut-Rhin,Grand Est,1973-01-01,178.45
47.539523831,7.175098786,LA LARGUE À SEPPOIS-LE-BAS,Haut-Rhin,Grand Est,1985-01-01,68.19
47.615523487,7.218093436,L'ILL À CARSPACH,Haut-Rhin,Grand Est,1971-01-01,221.96
48.681533877,7.91977795,LE RHIN À GAMBSHEIM,Bas-Rhin,Grand Est,1987-01-01,198.5
48.252695541,7.67519886,LE SCHAFTEU À RHINAU,Bas-Rhin,Grand Est,1987-01-01,
47.681603442,7.386961818,LE RIEDGRABEN À LANDSER,Haut-Rhin,Grand Est,2001-05-01,
47.638792108,7.514386956,L'AUGRABEN À BARTENHEIM,Haut-Rhin,Grand Est,1971-01-01,13.0
47.660768893,7.522627723,LE VIEUX RHIN À KEMBS,Haut-Rhin,Grand Est,1987-01-01,
50.273961396,1.663650676,LA MAYE RIVIÈRE À SAINT QUENTIN EN TOURMONT (80),Somme,Hauts-de-France,1982-01-01,0.0
50.014662557,1.994840304,AIRAINES (RIVIÈRE D') À LONGPRE LES CORPS SAINTS (80),Somme,Hauts-de-France,1900-01-01,0.0
49.750256248,2.023008439,LES ÉVOISSONS À BERGICOURT (80),Somme,Hauts-de-France,1900-01-01,
49.771330604,2.47657806,L'AVRE À MOREUIL (80),Somme,Hauts-de-France,1900-01-01,
49.933359923,2.513905317,L'ANCRE  À BONNAY (80),Somme,Hauts-de-France,1900-01-01,
50.068408079,1.872219283,LA SOMME CANALISÉE À ÉPAGNE (80),Somme,Hauts-de-France,1900-01-01,
49.880036938,3.317167144,LA SOMME RIVIÈRE À MORCOURT (02),Aisne,Hauts-de-France,1900-01-01,
50.833582624,2.086711444,LA HEM  À RECQUES SUR HEM (62),Pas-de-Calais,Hauts-de-France,1900-01-01,
50.707515811,2.227197639,L'AA RIVIÈRE À WIZERNES (62),Pas-de-Calais,Hauts-de-France,1900-01-01,0.0
50.305088995,1.91695217,L'AUTHIE À DOMPIERRE SUR AUTHIE (80),Somme,Hauts-de-France,1900-01-01,0.0
50.397567967,2.1026201,LA TERNOISE À AUCHY LES HESDIN (62),Pas-de-Calais,Hauts-de-France,1900-01-01,
50.80166963,1.627450577,LA SLACK À AMBLETEUSE (62),Pas-de-Calais,Hauts-de-France,1900-01-01,
50.464931997,2.528453873,LA LAWE À DIVION (62),Pas-de-Calais,Hauts-de-France,1900-01-01,0.0
50.67716549,2.835181802,LA LYS CANALISÉE À ERQUINGHEM/LYS (59),Nord,Hauts-de-France,1900-01-01,0.0
50.283040911,3.043174303,LA MARCHE NAVIRE À TORTEQUESNE (62),Pas-de-Calais,Hauts-de-France,1900-01-01,0.0
50.335667054,3.021669315,LA SCARPE CANALISÉE À BREBIÈRES (62),Pas-de-Calais,Hauts-de-France,1900-01-01,
50.292373758,3.565668461,LA RHONELLE À MARESCHES (59),Nord,Hauts-de-France,1900-01-01,0.0
50.104497951,3.24758822,L'ESCAUT RIVIÈRE À CRÉVECOEUR SUR ESCAUT (59),Nord,Hauts-de-France,1900-01-01,
50.239725854,4.018047186,LA SOLRE À FERRIÈRE LA PETITE (59),Nord,Hauts-de-France,1900-01-01,
50.142762685,3.737986677,L'HELPE MINEURE À MAROILLES (59),Nord,Hauts-de-France,1900-01-01,0.0
50.297894197,4.102224322,LA SAMBRE CANALISÉE À JEUMONT (59),Nord,Hauts-de-France,1900-01-01,
50.336154971,3.737987505,L'HOGNEAU À GUSSIGNIES (59),Nord,Hauts-de-France,1900-01-01,
